[{"fields": {"model": "logentry", "name": "log entry", "app_label": "admin"}, "model": "contenttypes.contenttype", "pk": 1}, {"fields": {"model": "permission", "name": "permission", "app_label": "auth"}, "model": "contenttypes.contenttype", "pk": 2}, {"fields": {"model": "group", "name": "group", "app_label": "auth"}, "model": "contenttypes.contenttype", "pk": 3}, {"fields": {"model": "user", "name": "user", "app_label": "auth"}, "model": "contenttypes.contenttype", "pk": 4}, {"fields": {"model": "contenttype", "name": "content type", "app_label": "contenttypes"}, "model": "contenttypes.contenttype", "pk": 5}, {"fields": {"model": "session", "name": "session", "app_label": "sessions"}, "model": "contenttypes.contenttype", "pk": 6}, {"fields": {"model": "site", "name": "site", "app_label": "sites"}, "model": "contenttypes.contenttype", "pk": 7}, {"fields": {"model": "adschedule", "name": "ad schedule", "app_label": "ads"}, "model": "contenttypes.contenttype", "pk": 8}, {"fields": {"model": "adscheduleposition", "name": "ad schedule position", "app_label": "ads"}, "model": "contenttypes.contenttype", "pk": 9}, {"fields": {"model": "award", "name": "award", "app_label": "core"}, "model": "contenttypes.contenttype", "pk": 10}, {"fields": {"model": "category", "name": "category", "app_label": "core"}, "model": "contenttypes.contenttype", "pk": 11}, {"fields": {"model": "contributor", "name": "contributor", "app_label": "core"}, "model": "contenttypes.contenttype", "pk": 12}, {"fields": {"model": "contributortype", "name": "contributor type", "app_label": "core"}, "model": "contenttypes.contenttype", "pk": 13}, {"fields": {"model": "episode", "name": "episode", "app_label": "core"}, "model": "contenttypes.contenttype", "pk": 14}, {"fields": {"model": "episodecontributor", "name": "episode contributor", "app_label": "core"}, "model": "contenttypes.contenttype", "pk": 15}, {"fields": {"model": "license", "name": "license", "app_label": "core"}, "model": "contenttypes.contenttype", "pk": 16}, {"fields": {"model": "media", "name": "media", "app_label": "core"}, "model": "contenttypes.contenttype", "pk": 17}, {"fields": {"model": "rating", "name": "rating", "app_label": "core"}, "model": "contenttypes.contenttype", "pk": 18}, {"fields": {"model": "series", "name": "series", "app_label": "core"}, "model": "contenttypes.contenttype", "pk": 19}, {"fields": {"model": "title", "name": "title", "app_label": "core"}, "model": "contenttypes.contenttype", "pk": 20}, {"fields": {"model": "titlecategory", "name": "title category", "app_label": "core"}, "model": "contenttypes.contenttype", "pk": 21}, {"fields": {"model": "titlecontributor", "name": "title contributor", "app_label": "core"}, "model": "contenttypes.contenttype", "pk": 22}, {"fields": {"model": "titleurl", "name": "title url", "app_label": "core"}, "model": "contenttypes.contenttype", "pk": 23}, {"fields": {"expire_date": "2014-11-15T16:41:04.533Z", "session_data": "YWRkODBmZWNmNmQ1M2Q3YTY0ZjEyODUyMTdiNTIyODUxODc4ZjI1MDp7Il9hdXRoX3VzZXJfaGFzaCI6IjMyMWZkNWVhZWY1YjUyOTVlNWMyY2Y2MGM4ZGJlYmZiZDAxNGY0NWQiLCJfYXV0aF91c2VyX2JhY2tlbmQiOiJkamFuZ28uY29udHJpYi5hdXRoLmJhY2tlbmRzLk1vZGVsQmFja2VuZCIsIl9hdXRoX3VzZXJfaWQiOjF9"}, "model": "sessions.session", "pk": "p6ftartvu6yj46pcgv38z2k6mer59l39"}, {"fields": {"domain": "example.com", "name": "example.com"}, "model": "sites.site", "pk": 1}, {"fields": {"name": "Parsec Awards 2007 Nominee", "url": "http://parsecawards.com/2007Archive", "image": "images/awards/parsec-awards-2007-nominee.gif", "deleted": false, "date_updated": "2010-01-23T22:14:59Z", "date_created": "2010-01-23T22:14:59Z", "slug": "parsec-awards-2007-nominee"}, "model": "core.award", "pk": 1}, {"fields": {"name": "Parsec Awards 2007 Winner", "url": "http://parsecawards.com/2007Archive", "image": "images/awards/parsec-awards-2007-winner.gif", "deleted": false, "date_updated": "2010-01-23T22:47:41Z", "date_created": "2010-01-23T22:47:41Z", "slug": "parsec-awards-2007-winner"}, "model": "core.award", "pk": 2}, {"fields": {"name": "Parsec Awards 2006 Nominee", "url": "http://parsecawards.com/2006-parsec-awards", "image": "images/awards/parsec-awards-2006-nominee.gif", "deleted": false, "date_updated": "2010-01-23T22:47:43Z", "date_created": "2010-01-23T22:47:43Z", "slug": "parsec-awards-2006-nominee"}, "model": "core.award", "pk": 3}, {"fields": {"name": "Parsec Awards 2006 Winner", "url": "http://parsecawards.com/2006-parsec-awards", "image": "images/awards/parsec-awards-2006-winner.gif", "deleted": false, "date_updated": "2010-01-23T22:48:05Z", "date_created": "2010-01-23T22:48:05Z", "slug": "parsec-awards-2006-winner"}, "model": "core.award", "pk": 4}, {"fields": {"name": "Podcast Awards 2006 Nominee", "url": "http://www.podcastconnect.com/archive/2006/08/2006_peoples_choice_podcast_aw_1.html", "image": "images/awards/podcast-awards-2006-nominee.jpg", "deleted": false, "date_updated": "2010-01-23T22:47:41Z", "date_created": "2010-01-23T22:47:41Z", "slug": "podcast-awards-2006-nominee"}, "model": "core.award", "pk": 5}, {"fields": {"name": "Mark Time Awards 2007 Gold Winner", "url": "http://www.greatnorthernaudio.com/MarkTime/MarkTime-winners.html", "image": "images/awards/mark-time-awards-2007-gold-winner.png", "deleted": false, "date_updated": "2010-01-23T22:49:39Z", "date_created": "2010-01-23T22:49:39Z", "slug": "mark-time-awards-2007-gold-winner"}, "model": "core.award", "pk": 6}, {"fields": {"name": "Sir Julius Vogel Awards 2009 Winner", "url": "http://sffanz.sf.org.nz/sjv/sjvResults-2009.shtml", "image": "images/awards/sir-julius-vogel-awards-2009-winner.gif", "deleted": false, "date_updated": "2010-01-24T00:06:04Z", "date_created": "2010-01-24T00:06:04Z", "slug": "sir-julius-vogel-awards-2009-winner"}, "model": "core.award", "pk": 7}, {"fields": {"name": "Parsec Awards 2009 Finalist", "url": "http://parsecawards.com/node/861", "image": "images/awards/parsec-awards-2009-finalist.jpg", "deleted": false, "date_updated": "2010-01-23T23:56:24Z", "date_created": "2010-01-23T23:56:24Z", "slug": "parsec-awards-2009-finalist"}, "model": "core.award", "pk": 8}, {"fields": {"name": "Eppie Awards 2004 Finalist", "url": "http://www.epicauthors.com/eppiewinners2004.html", "image": "images/awards/eppie-awards-2004-finalist.gif", "deleted": false, "date_updated": "2010-01-23T23:57:04Z", "date_created": "2010-01-23T23:57:04Z", "slug": "eppie-awards-2004-finalist"}, "model": "core.award", "pk": 9}, {"fields": {"name": "Podcast Peer Awards 2009 Finalist", "url": "http://www.podcastpeers.org/winnersPPA5.html", "image": "images/awards/podcast-peer-awards-2008-finalist.jpg", "deleted": false, "date_updated": "2010-01-24T00:07:24Z", "date_created": "2010-01-24T00:07:24Z", "slug": "podcast-peer-awards-2008-finalist"}, "model": "core.award", "pk": 10}, {"fields": {"name": "Preditors and Editors Awards 2005 Top Ten Finisher", "url": "http://www.anotherealm.com/prededitors/vote0510c.htm", "image": "images/awards/preditors-and-editors-awards-2005-top-ten.gif", "deleted": false, "date_updated": "2010-01-23T23:57:04Z", "date_created": "2010-01-23T23:57:04Z", "slug": "preditors-and-editors-awards-2005-top-ten"}, "model": "core.award", "pk": 11}, {"fields": {"name": "Stephen Leacock Memorial Medal for Humor 2008", "url": "http://www.leacock.ca/", "image": "images/awards/stephen-leacock-memorial-medal-for-humor.jpg", "deleted": false, "date_updated": "2010-01-23T23:57:04Z", "date_created": "2010-01-23T23:57:04Z", "slug": "stephen-leacock-memorial-medal-for-humor-2008"}, "model": "core.award", "pk": 12}, {"fields": {"name": "Dead Letter Award 2008 Winner", "url": "http://jamesmelzer.net/2009/02/tzc-wins-dead-letter-award/", "image": "images/awards/dead-letter-award-2008-winner.jpg", "deleted": false, "date_updated": "2010-01-24T00:02:37Z", "date_created": "2010-01-24T00:02:37Z", "slug": "dead-letter-award-2008-winner"}, "model": "core.award", "pk": 13}, {"fields": {"name": "eppie-awards-2007-winner", "url": "unknown", "image": "unknown", "deleted": false, "date_updated": "2011-02-05T16:33:24Z", "date_created": "2011-02-05T16:33:24Z", "slug": "eppie-awards-2007-winner"}, "model": "core.award", "pk": 14}, {"fields": {"name": "eppie-awards-2004-winner", "url": "unknown", "image": "unknown", "deleted": false, "date_updated": "2011-02-05T16:33:24Z", "date_created": "2011-02-05T16:33:24Z", "slug": "eppie-awards-2004-winner"}, "model": "core.award", "pk": 15}, {"fields": {"name": "parsec-awards-2008-nominee", "url": "unknown", "image": "unknown", "deleted": false, "date_updated": "2011-02-05T16:33:24Z", "date_created": "2011-02-05T16:33:24Z", "slug": "parsec-awards-2008-nominee"}, "model": "core.award", "pk": 16}, {"fields": {"deleted": false, "date_created": "2011-02-11T20:32:32Z", "slug": "science-fiction", "date_updated": "2011-02-11T20:32:32Z", "name": "Science Fiction"}, "model": "core.category", "pk": 1}, {"fields": {"deleted": false, "date_created": "2011-02-11T20:32:32Z", "slug": "fantasy", "date_updated": "2011-02-11T20:32:32Z", "name": "Fantasy"}, "model": "core.category", "pk": 2}, {"fields": {"deleted": false, "date_created": "2011-02-11T20:32:32Z", "slug": "business", "date_updated": "2011-02-11T20:32:32Z", "name": "Business"}, "model": "core.category", "pk": 3}, {"fields": {"deleted": false, "date_created": "2011-02-11T20:32:32Z", "slug": "magazine", "date_updated": "2011-02-11T20:32:32Z", "name": "Magazine"}, "model": "core.category", "pk": 4}, {"fields": {"deleted": false, "date_created": "2011-02-11T20:32:32Z", "slug": "mystery", "date_updated": "2011-02-11T20:32:32Z", "name": "Mystery"}, "model": "core.category", "pk": 5}, {"fields": {"deleted": false, "date_created": "2011-02-11T20:32:32Z", "slug": "humor", "date_updated": "2011-02-11T20:32:32Z", "name": "Humor"}, "model": "core.category", "pk": 6}, {"fields": {"deleted": false, "date_created": "2011-02-11T20:32:32Z", "slug": "fiction", "date_updated": "2011-02-11T20:32:32Z", "name": "Fiction"}, "model": "core.category", "pk": 7}, {"fields": {"deleted": false, "date_created": "2011-02-11T20:32:32Z", "slug": "essays", "date_updated": "2011-02-11T20:32:32Z", "name": "Essays"}, "model": "core.category", "pk": 8}, {"fields": {"deleted": false, "date_created": "2011-02-11T20:32:32Z", "slug": "children", "date_updated": "2011-02-11T20:32:32Z", "name": "Children"}, "model": "core.category", "pk": 9}, {"fields": {"deleted": false, "date_created": "2011-02-11T20:32:32Z", "slug": "young-adult", "date_updated": "2011-02-11T20:32:32Z", "name": "Young Adult"}, "model": "core.category", "pk": 10}, {"fields": {"deleted": false, "date_created": "2011-02-11T20:32:32Z", "slug": "horrordark-fantasy", "date_updated": "2011-02-11T20:32:32Z", "name": "Horror/Dark Fantasy"}, "model": "core.category", "pk": 11}, {"fields": {"deleted": false, "date_created": "2011-02-11T20:32:32Z", "slug": "alternative-history", "date_updated": "2011-02-11T20:32:32Z", "name": "Alternative History"}, "model": "core.category", "pk": 12}, {"fields": {"deleted": false, "date_created": "2011-02-11T20:32:32Z", "slug": "magical-realism", "date_updated": "2011-02-11T20:32:32Z", "name": "Magical Realism"}, "model": "core.category", "pk": 13}, {"fields": {"deleted": false, "date_created": "2011-02-11T20:32:32Z", "slug": "religious-fiction", "date_updated": "2011-02-11T20:32:32Z", "name": "Religious Fiction"}, "model": "core.category", "pk": 14}, {"fields": {"deleted": false, "date_created": "2011-02-11T20:32:32Z", "slug": "life-lessons", "date_updated": "2011-02-11T20:32:32Z", "name": "Life Lessons"}, "model": "core.category", "pk": 15}, {"fields": {"deleted": false, "date_created": "2011-02-11T20:32:32Z", "slug": "cyberpunk", "date_updated": "2011-02-11T20:32:32Z", "name": "Cyberpunk"}, "model": "core.category", "pk": 16}, {"fields": {"deleted": false, "date_created": "2011-02-11T20:32:32Z", "slug": "public-domain", "date_updated": "2011-02-11T20:32:32Z", "name": "Public Domain"}, "model": "core.category", "pk": 17}, {"fields": {"deleted": false, "date_created": "2011-02-11T20:32:32Z", "slug": "non-fiction", "date_updated": "2011-02-11T20:32:32Z", "name": "Non-Fiction"}, "model": "core.category", "pk": 18}, {"fields": {"deleted": false, "date_created": "2011-02-11T20:32:32Z", "slug": "history", "date_updated": "2011-02-11T20:32:32Z", "name": "History"}, "model": "core.category", "pk": 19}, {"fields": {"deleted": false, "date_created": "2011-02-11T20:32:32Z", "slug": "audiodrama", "date_updated": "2011-02-11T20:32:32Z", "name": "Audiodrama"}, "model": "core.category", "pk": 20}, {"fields": {"deleted": false, "date_created": "2011-02-11T20:32:32Z", "slug": "historical-fiction", "date_updated": "2011-02-11T20:32:32Z", "name": "Historical Fiction"}, "model": "core.category", "pk": 21}, {"fields": {"deleted": false, "date_created": "2011-02-11T20:32:32Z", "slug": "spirituality", "date_updated": "2011-02-11T20:32:32Z", "name": "Spirituality"}, "model": "core.category", "pk": 22}, {"fields": {"deleted": false, "date_created": "2011-02-11T20:32:32Z", "slug": "memoir", "date_updated": "2011-02-11T20:32:32Z", "name": "Memoir"}, "model": "core.category", "pk": 23}, {"fields": {"deleted": false, "date_created": "2011-02-11T20:32:32Z", "slug": "travelogue", "date_updated": "2011-02-11T20:32:32Z", "name": "Travelogue"}, "model": "core.category", "pk": 24}, {"fields": {"deleted": false, "date_created": "2011-02-11T20:32:32Z", "slug": "poetry", "date_updated": "2011-02-11T20:32:32Z", "name": "Poetry"}, "model": "core.category", "pk": 25}, {"fields": {"deleted": false, "date_created": "2011-02-11T20:32:32Z", "slug": "erotica", "date_updated": "2011-02-11T20:32:32Z", "name": "Erotica"}, "model": "core.category", "pk": 26}, {"fields": {"deleted": false, "date_created": "2011-02-11T20:32:32Z", "slug": "thriller", "date_updated": "2011-02-11T20:32:32Z", "name": "Thriller"}, "model": "core.category", "pk": 27}, {"fields": {"deleted": false, "date_created": "2011-02-11T20:32:32Z", "slug": "chick-lit", "date_updated": "2011-02-11T20:32:32Z", "name": "Chick Lit"}, "model": "core.category", "pk": 28}, {"fields": {"deleted": false, "date_created": "2011-02-11T20:32:32Z", "slug": "literature", "date_updated": "2011-02-11T20:32:32Z", "name": "Literature"}, "model": "core.category", "pk": 29}, {"fields": {"deleted": false, "date_created": "2011-02-11T20:32:32Z", "slug": "inspirational-fiction", "date_updated": "2011-02-11T20:32:32Z", "name": "Inspirational Fiction"}, "model": "core.category", "pk": 30}, {"fields": {"deleted": false, "date_created": "2011-02-11T20:32:32Z", "slug": "romance", "date_updated": "2011-02-11T20:32:32Z", "name": "Romance"}, "model": "core.category", "pk": 31}, {"fields": {"deleted": false, "date_created": "2011-02-11T20:32:32Z", "slug": "historical-fantasy", "date_updated": "2011-02-11T20:32:32Z", "name": "Historical Fantasy"}, "model": "core.category", "pk": 32}, {"fields": {"deleted": false, "date_created": "2011-02-11T20:32:32Z", "slug": "self-help", "date_updated": "2011-02-11T20:32:32Z", "name": "Self-Help"}, "model": "core.category", "pk": 33}, {"fields": {"deleted": false, "date_created": "2011-02-11T20:32:32Z", "slug": "fabulist-satire", "date_updated": "2011-02-11T20:32:32Z", "name": "Fabulist Satire"}, "model": "core.category", "pk": 34}, {"fields": {"deleted": false, "date_created": "2011-02-11T20:32:32Z", "slug": "steampunk", "date_updated": "2011-02-11T20:32:32Z", "name": "Steampunk"}, "model": "core.category", "pk": 35}, {"fields": {"slug": "author", "byline_text": " and ", "name": "Author"}, "model": "core.contributortype", "pk": 1}, {"fields": {"slug": "narrator", "byline_text": " narrated by ", "name": "Narrator"}, "model": "core.contributortype", "pk": 2}, {"fields": {"slug": "editor", "byline_text": " edited by ", "name": "Editor"}, "model": "core.contributortype", "pk": 3}, {"fields": {"slug": "penname", "byline_text": " writing as ", "name": "Penname"}, "model": "core.contributortype", "pk": 4}, {"fields": {"slug": "contributor", "byline_text": " with ", "name": "Contributor"}, "model": "core.contributortype", "pk": 5}, {"fields": {"slug": "ghostwriter", "byline_text": " as told to ", "name": "Ghostwriter"}, "model": "core.contributortype", "pk": 6}, {"fields": {"media_date_created": null, "description": "Evil is buried deep beneath the Earth's surface.", "sequence": 1, "url": "http://www.podtrac.com/pts/redirect.mp3?media.blubrry.com/scottsigler/media.podiobooks.com/earthcore/PB-Earthcore-01.mp3", "title": 24, "deleted": false, "filesize": 11702771, "date_updated": "2014-11-01T16:48:55.991Z", "duration": "45:00", "date_created": "2005-03-25T07:00:00Z", "name": "Prologue - Death from below"}, "model": "core.episode", "pk": 388}, {"fields": {"media_date_created": null, "description": "Platinum, Cutthroat, Saddlebags and The Whiner", "sequence": 2, "url": "http://www.podtrac.com/pts/redirect.mp3?media.blubrry.com/scottsigler/media.podiobooks.com/earthcore/PB-Earthcore-02.mp3", "title": 24, "deleted": false, "filesize": 22627630, "date_updated": "2014-11-01T16:48:55.993Z", "duration": "45:00", "date_created": "2005-03-28T07:00:00Z", "name": "Chapters 1-4"}, "model": "core.episode", "pk": 389}, {"fields": {"media_date_created": null, "description": "Herbert gets his", "sequence": 3, "url": "http://www.podtrac.com/pts/redirect.mp3?media.blubrry.com/scottsigler/media.podiobooks.com/earthcore/PB-Earthcore-03.mp3", "title": 24, "deleted": false, "filesize": 21901139, "date_updated": "2014-11-01T16:48:55.995Z", "duration": "45:00", "date_created": "2005-04-04T06:00:00Z", "name": "Chapter 5"}, "model": "core.episode", "pk": 390}, {"fields": {"media_date_created": null, "description": "The Mountain is Hungry", "sequence": 4, "url": "http://www.podtrac.com/pts/redirect.mp3?media.blubrry.com/scottsigler/media.podiobooks.com/earthcore/PB-Earthcore-04.mp3", "title": 24, "deleted": false, "filesize": 23077326, "date_updated": "2014-11-01T16:48:55.997Z", "duration": "45:00", "date_created": "2005-04-11T06:00:00Z", "name": "Chapters 6-7"}, "model": "core.episode", "pk": 391}, {"fields": {"media_date_created": null, "description": "Funeral Mountain", "sequence": 5, "url": "http://www.podtrac.com/pts/redirect.mp3?media.blubrry.com/scottsigler/media.podiobooks.com/earthcore/PB-Earthcore-05.mp3", "title": 24, "deleted": false, "filesize": 24255344, "date_updated": "2014-11-01T16:48:55.998Z", "duration": "45:00", "date_created": "2005-04-17T06:00:00Z", "name": "Chapters 8-10"}, "model": "core.episode", "pk": 392}, {"fields": {"media_date_created": null, "description": "A short episode", "sequence": 6, "url": "http://www.podtrac.com/pts/redirect.mp3?media.blubrry.com/scottsigler/media.podiobooks.com/earthcore/PB-Earthcore-06.mp3", "title": 24, "deleted": false, "filesize": 9693908, "date_updated": "2014-11-01T16:48:56.000Z", "duration": "45:00", "date_created": "2005-04-27T06:00:00Z", "name": "Chapters 11-13:"}, "model": "core.episode", "pk": 393}, {"fields": {"media_date_created": null, "description": "Kayla Meyers is mean for a reason", "sequence": 7, "url": "http://www.podtrac.com/pts/redirect.mp3?media.blubrry.com/scottsigler/media.podiobooks.com/earthcore/PB-Earthcore-07.mp3", "title": 24, "deleted": false, "filesize": 21314218, "date_updated": "2014-11-01T16:48:56.002Z", "duration": "45:00", "date_created": "2005-04-28T06:00:00Z", "name": "Chapters 14-15"}, "model": "core.episode", "pk": 394}, {"fields": {"media_date_created": null, "description": "Busy Little Bees ...", "sequence": 8, "url": "http://www.podtrac.com/pts/redirect.mp3?media.blubrry.com/scottsigler/media.podiobooks.com/earthcore/PB-Earthcore-08.mp3", "title": 24, "deleted": false, "filesize": 25381017, "date_updated": "2014-11-01T16:48:56.003Z", "duration": "45:00", "date_created": "2005-05-06T06:00:00Z", "name": "Chapters 15-16"}, "model": "core.episode", "pk": 395}, {"fields": {"media_date_created": null, "description": "A line in the sand", "sequence": 9, "url": "http://www.podtrac.com/pts/redirect.mp3?media.blubrry.com/scottsigler/media.podiobooks.com/earthcore/PB-Earthcore-09.mp3", "title": 24, "deleted": false, "filesize": 23842469, "date_updated": "2014-11-01T16:48:56.005Z", "duration": "45:00", "date_created": "2005-05-15T06:00:00Z", "name": "Chapters 17-18"}, "model": "core.episode", "pk": 396}, {"fields": {"media_date_created": null, "description": "Into the tunnels at last", "sequence": 10, "url": "http://www.podtrac.com/pts/redirect.mp3?media.blubrry.com/scottsigler/media.podiobooks.com/earthcore/PB-Earthcore-10.mp3", "title": 24, "deleted": false, "filesize": 19972096, "date_updated": "2014-11-01T16:48:56.006Z", "duration": "45:00", "date_created": "2005-11-25T21:59:49Z", "name": "Chapters 19-20"}, "model": "core.episode", "pk": 1824}, {"fields": {"media_date_created": null, "description": "Thumbs Up", "sequence": 11, "url": "http://www.podtrac.com/pts/redirect.mp3?media.blubrry.com/scottsigler/media.podiobooks.com/earthcore/PB-Earthcore-11.mp3", "title": 24, "deleted": false, "filesize": 18051072, "date_updated": "2014-11-01T16:48:56.008Z", "duration": "45:00", "date_created": "2005-11-25T22:00:52Z", "name": "Chapters 21-22"}, "model": "core.episode", "pk": 1825}, {"fields": {"media_date_created": null, "description": "If you want blood ... you got it.", "sequence": 12, "url": "http://www.podtrac.com/pts/redirect.mp3?media.blubrry.com/scottsigler/media.podiobooks.com/earthcore/PB-Earthcore-12.mp3", "title": 24, "deleted": false, "filesize": 23277568, "date_updated": "2014-11-01T16:48:56.010Z", "duration": "45:00", "date_created": "2005-11-25T22:03:00Z", "name": "Chapters 23-24"}, "model": "core.episode", "pk": 1826}, {"fields": {"media_date_created": null, "description": "Lost in the caves", "sequence": 13, "url": "http://www.podtrac.com/pts/redirect.mp3?media.blubrry.com/scottsigler/media.podiobooks.com/earthcore/PB-Earthcore-13.mp3", "title": 24, "deleted": false, "filesize": 18333696, "date_updated": "2014-11-01T16:48:56.012Z", "duration": "45:00", "date_created": "2005-11-25T22:04:06Z", "name": "Chapters 25-26"}, "model": "core.episode", "pk": 1827}, {"fields": {"media_date_created": null, "description": "The Old Soldier and The River", "sequence": 14, "url": "http://www.podtrac.com/pts/redirect.mp3?media.blubrry.com/scottsigler/media.podiobooks.com/earthcore/PB-Earthcore-14.mp3", "title": 24, "deleted": false, "filesize": 19527680, "date_updated": "2014-11-01T16:48:56.014Z", "duration": "45:00", "date_created": "2005-11-25T22:05:09Z", "name": "Chapters 27-28"}, "model": "core.episode", "pk": 1828}, {"fields": {"media_date_created": null, "description": "Tentacle Gods and Monsters", "sequence": 15, "url": "http://www.podtrac.com/pts/redirect.mp3?media.blubrry.com/scottsigler/media.podiobooks.com/earthcore/PB-Earthcore-15.mp3", "title": 24, "deleted": false, "filesize": 20641792, "date_updated": "2014-11-01T16:48:56.016Z", "duration": "45:00", "date_created": "2005-11-25T22:06:05Z", "name": "Chapters 28-29"}, "model": "core.episode", "pk": 1829}, {"fields": {"media_date_created": null, "description": "Attack of the Rocktopi", "sequence": 16, "url": "http://www.podtrac.com/pts/redirect.mp3?media.blubrry.com/scottsigler/media.podiobooks.com/earthcore/PB-Earthcore-16.mp3", "title": 24, "deleted": false, "filesize": 26122240, "date_updated": "2014-11-01T16:48:56.017Z", "duration": "45:00", "date_created": "2005-11-25T22:07:05Z", "name": "Chapters 30-31"}, "model": "core.episode", "pk": 1830}, {"fields": {"media_date_created": null, "description": "Phalanx", "sequence": 17, "url": "http://www.podtrac.com/pts/redirect.mp3?media.blubrry.com/scottsigler/media.podiobooks.com/earthcore/PB-Earthcore-17.mp3", "title": 24, "deleted": false, "filesize": 23246848, "date_updated": "2014-11-01T16:48:56.024Z", "duration": "45:00", "date_created": "2005-11-25T22:07:54Z", "name": "Chapters 32-34"}, "model": "core.episode", "pk": 1831}, {"fields": {"media_date_created": null, "description": "Who dug the tunnels?", "sequence": 18, "url": "http://www.podtrac.com/pts/redirect.mp3?media.blubrry.com/scottsigler/media.podiobooks.com/earthcore/PB-Earthcore-18.mp3", "title": 24, "deleted": false, "filesize": 16379904, "date_updated": "2014-11-01T16:48:56.026Z", "duration": "45:00", "date_created": "2005-11-25T22:08:50Z", "name": "Chapters 35-37"}, "model": "core.episode", "pk": 1833}, {"fields": {"media_date_created": null, "description": "Rocktopi history revealed", "sequence": 19, "url": "http://www.podtrac.com/pts/redirect.mp3?media.blubrry.com/scottsigler/media.podiobooks.com/earthcore/PB-Earthcore-19.mp3", "title": 24, "deleted": false, "filesize": 25753600, "date_updated": "2014-11-01T16:48:56.027Z", "duration": "45:00", "date_created": "2005-11-25T22:10:05Z", "name": "Chapters 38-42"}, "model": "core.episode", "pk": 1834}, {"fields": {"media_date_created": null, "description": "The Good, The Bad, The Dead ....", "sequence": 20, "url": "http://www.podtrac.com/pts/redirect.mp3?media.blubrry.com/scottsigler/media.podiobooks.com/earthcore/PB-Earthcore-20.mp3", "title": 24, "deleted": false, "filesize": 28338176, "date_updated": "2014-11-01T16:48:56.029Z", "duration": "45:00", "date_created": "2005-11-25T22:11:09Z", "name": "Chapters 42-45"}, "model": "core.episode", "pk": 1835}, {"fields": {"media_date_created": null, "description": "The Finale, Part One", "sequence": 21, "url": "http://www.podtrac.com/pts/redirect.mp3?media.blubrry.com/scottsigler/media.podiobooks.com/earthcore/PB-Earthcore-21.mp3", "title": 24, "deleted": false, "filesize": 26345472, "date_updated": "2014-11-01T16:48:56.030Z", "duration": "45:00", "date_created": "2005-11-25T22:12:17Z", "name": "Chapters 46-50"}, "model": "core.episode", "pk": 1836}, {"fields": {"media_date_created": null, "description": "The Finale, Part Two", "sequence": 22, "url": "http://www.podtrac.com/pts/redirect.mp3?media.blubrry.com/scottsigler/media.podiobooks.com/earthcore/PB-Earthcore-22.mp3", "title": 24, "deleted": false, "filesize": 22824960, "date_updated": "2014-11-01T16:48:56.032Z", "duration": "45:00", "date_created": "2005-11-25T22:13:08Z", "name": "Chapters 51-55"}, "model": "core.episode", "pk": 1837}, {"fields": {"media_date_created": null, "description": "EarthCore Questions and Answers", "sequence": 23, "url": "http://www.podtrac.com/pts/redirect.mp3?media.blubrry.com/scottsigler/media.podiobooks.com/earthcore/PB-Earthcore-23.mp3", "title": 24, "deleted": false, "filesize": 24605487, "date_updated": "2014-11-01T16:48:56.034Z", "duration": "45:00", "date_created": "2005-11-25T22:14:31Z", "name": "Appendix A"}, "model": "core.episode", "pk": 1838}, {"fields": {"media_date_created": null, "description": "Conor wakes up to find himself chained to a dungeon wall.  Don't you just hate when that happens?", "sequence": 1, "url": "http://media.podiobooks.com/shadowmagic/PB-Shadowmagic-01.mp3", "title": 92, "deleted": false, "filesize": 7391381, "date_updated": "2011-02-10T04:41:47Z", "duration": "45:00", "date_created": "2006-07-16T13:36:35Z", "name": "Chapter 1: Aunt Nieve"}, "model": "core.episode", "pk": 47573}, {"fields": {"media_date_created": null, "description": "Conor and his Dad get to meet their 'host' and Conor almost gets a new nickname -- Lefty.", "sequence": 2, "url": "http://media.podiobooks.com/shadowmagic/PB-Shadowmagic-02.mp3", "title": 92, "deleted": false, "filesize": 5348523, "date_updated": "2011-02-10T20:01:50Z", "duration": "45:00", "date_created": "2006-07-16T13:36:35Z", "name": "Chapter 2: Uncle Cialtie"}, "model": "core.episode", "pk": 47574}, {"fields": {"media_date_created": null, "description": "Mom hugs, get-a-ways, horse rides, boats, dreams and apples -- oh my.", "sequence": 3, "url": "http://media.podiobooks.com/shadowmagic/PB-Shadowmagic-03.mp3", "title": 92, "deleted": false, "filesize": 10418294, "date_updated": "2011-02-09T19:18:56Z", "duration": "45:00", "date_created": "2006-07-16T13:36:35Z", "name": "Chapter 3: Mom"}, "model": "core.episode", "pk": 47575}, {"fields": {"media_date_created": null, "description": "Be verwey verwey quiet we are entering the Yewlands.", "sequence": 4, "url": "http://media.podiobooks.com/shadowmagic/PB-Shadowmagic-04.mp3", "title": 92, "deleted": false, "filesize": 7063896, "date_updated": "2011-02-10T08:07:03Z", "duration": "45:00", "date_created": "2006-07-16T13:36:35Z", "name": "Chapter 4: The Yewlands"}, "model": "core.episode", "pk": 47576}, {"fields": {"media_date_created": null, "description": "Conor gets another lesson in how unpleasant it is to be in a land were everyone wants you dead.", "sequence": 5, "url": "http://media.podiobooks.com/shadowmagic/PB-Shadowmagic-05.mp3", "title": 92, "deleted": false, "filesize": 3801525, "date_updated": "2011-02-10T22:09:49Z", "duration": "45:00", "date_created": "2006-07-16T13:36:36Z", "name": "Chapter 5: Rothl&#250;"}, "model": "core.episode", "pk": 47577}, {"fields": {"media_date_created": null, "description": "A mishap on the fields of Muhn.  It's amazing who you can meet when your lying face down in a ditch.", "sequence": 6, "url": "http://media.podiobooks.com/shadowmagic/PB-Shadowmagic-06.mp3", "title": 92, "deleted": false, "filesize": 5727900, "date_updated": "2011-02-11T17:40:55Z", "duration": "45:00", "date_created": "2006-07-20T03:35:21Z", "name": "Chapter 6: Fergal"}, "model": "core.episode", "pk": 47614}, {"fields": {"media_date_created": null, "description": "A chat with a tree and a new character who looks like he lost his neck in a poker game.", "sequence": 7, "url": "http://media.podiobooks.com/shadowmagic/PB-Shadowmagic-07.mp3", "title": 92, "deleted": false, "filesize": 8400828, "date_updated": "2011-02-11T18:56:41Z", "duration": "45:00", "date_created": "2006-07-25T03:07:04Z", "name": "Chapter 7: Araf"}, "model": "core.episode", "pk": 47709}, {"fields": {"media_date_created": null, "description": "Wine, food, a girl and a fight -- sounds like a party at Castle Muhn.", "sequence": 8, "url": "http://media.podiobooks.com/shadowmagic/PB-Shadowmagic-08.mp3", "title": 92, "deleted": false, "filesize": 13030067, "date_updated": "2011-02-11T18:45:30Z", "duration": "45:00", "date_created": "2006-08-02T23:49:45Z", "name": "Chapter 8: Esa"}, "model": "core.episode", "pk": 47939}, {"fields": {"media_date_created": null, "description": "What do you say to an angry father with a sword at your throat?", "sequence": 9, "url": "http://media.podiobooks.com/shadowmagic/PB-Shadowmagic-09.mp3", "title": 92, "deleted": false, "filesize": 10317093, "date_updated": "2011-02-11T17:19:11Z", "duration": "45:00", "date_created": "2006-08-07T13:01:32Z", "name": "Chapter 9: Gerard"}, "model": "core.episode", "pk": 47985}, {"fields": {"media_date_created": null, "description": "A hard elbow, a cold shoulder, a noseful of lettuce and another slap on the back.  Not everything is a party at Castle Muhn.", "sequence": 10, "url": "http://media.podiobooks.com/shadowmagic/PB-Shadowmagic-10.mp3", "title": 92, "deleted": false, "filesize": 8404721, "date_updated": "2011-02-10T22:04:50Z", "duration": "45:00", "date_created": "2006-08-14T13:28:04Z", "name": "Chapter 10: The Dahy"}, "model": "core.episode", "pk": 48139}, {"fields": {"media_date_created": null, "description": "Coner is back in the saddle, Fergal learns to \"Yahoo\" and Araf has a dance with a pig.", "sequence": 11, "url": "http://media.podiobooks.com/shadowmagic/PB-Shadowmagic-11.mp3", "title": 92, "deleted": false, "filesize": 9125283, "date_updated": "2011-02-10T22:03:51Z", "duration": "45:00", "date_created": "2006-08-20T23:46:57Z", "name": "Chapter 11: Acorn"}, "model": "core.episode", "pk": 48288}, {"fields": {"media_date_created": null, "description": "Coner stabs, Esa thaws (a bit) and Araf doesn't say much.", "sequence": 12, "url": "http://media.podiobooks.com/shadowmagic/PB-Shadowmagic-12.mp3", "title": 92, "deleted": false, "filesize": 8765823, "date_updated": "2011-02-11T15:02:29Z", "duration": "45:00", "date_created": "2006-08-29T01:55:21Z", "name": "Chapter 12: The Hazellands"}, "model": "core.episode", "pk": 48393}, {"fields": {"media_date_created": null, "description": "Araf speaks, Esa cries and the gang meet The Army of the Red Hand.", "sequence": 13, "url": "http://media.podiobooks.com/shadowmagic/PB-Shadowmagic-13.mp3", "title": 92, "deleted": false, "filesize": 10409044, "date_updated": "2011-02-11T14:07:57Z", "duration": "45:00", "date_created": "2006-09-07T00:56:25Z", "name": "Chapter 13: Lorcan"}, "model": "core.episode", "pk": 48561}, {"fields": {"media_date_created": null, "description": "Could anything be worse than the Hazellands?  Yep.", "sequence": 14, "url": "http://media.podiobooks.com/shadowmagic/PB-Shadowmagic-14.mp3", "title": 92, "deleted": false, "filesize": 11846197, "date_updated": "2011-02-10T22:00:28Z", "duration": "45:00", "date_created": "2006-09-10T16:07:06Z", "name": "Chapter 14: The Reedlands"}, "model": "core.episode", "pk": 48602}, {"fields": {"media_date_created": null, "description": "When the going gets tough, the not-so-tough go to La-la Land.", "sequence": 15, "url": "http://media.podiobooks.com/shadowmagic/PB-Shadowmagic-15.mp3", "title": 92, "deleted": false, "filesize": 8431889, "date_updated": "2011-02-11T17:47:19Z", "duration": "45:00", "date_created": "2006-09-21T03:18:27Z", "name": "Chapter 15: Big Hair"}, "model": "core.episode", "pk": 48721}, {"fields": {"media_date_created": null, "description": "Let me tell you of things I have long wished to tell.", "sequence": 16, "url": "http://media.podiobooks.com/shadowmagic/PB-Shadowmagic-16.mp3", "title": 92, "deleted": false, "filesize": 8846259, "date_updated": "2011-02-10T21:58:38Z", "duration": "45:00", "date_created": "2006-09-25T20:31:32Z", "name": "Chapter 16: The Druid Table"}, "model": "core.episode", "pk": 48808}, {"fields": {"media_date_created": null, "description": "The story of how Oisin lost his hand - finally.", "sequence": 17, "url": "http://media.podiobooks.com/shadowmagic/PB-Shadowmagic-17.mp3", "title": 92, "deleted": false, "filesize": 7167737, "date_updated": "2011-02-11T15:56:49Z", "duration": "45:00", "date_created": "2006-10-03T05:40:07Z", "name": "Chapter 17: The Race of the Twins of Macha"}, "model": "core.episode", "pk": 48852}, {"fields": {"media_date_created": null, "description": "A bit of a blubberfest.", "sequence": 18, "url": "http://media.podiobooks.com/shadowmagic/PB-Shadowmagic-18.mp3", "title": 92, "deleted": false, "filesize": 6693596, "date_updated": "2011-02-11T16:43:20Z", "duration": "45:00", "date_created": "2006-10-12T05:42:03Z", "name": "Chapter 18: The Castle Beach"}, "model": "core.episode", "pk": 48924}, {"fields": {"media_date_created": null, "description": "Fergal, Deirdre and shadowfire.", "sequence": 19, "url": "http://media.podiobooks.com/shadowmagic/PB-Shadowmagic-19.mp3", "title": 92, "deleted": false, "filesize": 10948174, "date_updated": "2011-02-10T21:55:55Z", "duration": "45:00", "date_created": "2006-10-20T07:15:19Z", "name": "Chapter 19: The Shadowcasting"}, "model": "core.episode", "pk": 49052}, {"fields": {"media_date_created": null, "description": "A busy night in the Fililands.", "sequence": 20, "url": "http://media.podiobooks.com/shadowmagic/PB-Shadowmagic-20.mp3", "title": 92, "deleted": false, "filesize": 7705684, "date_updated": "2011-02-11T14:25:17Z", "duration": "45:00", "date_created": "2006-10-27T03:25:32Z", "name": "Chapter 20: The Pooka"}, "model": "core.episode", "pk": 49218}, {"fields": {"media_date_created": null, "description": "The time has come.", "sequence": 21, "url": "http://media.podiobooks.com/shadowmagic/PB-Shadowmagic-21.mp3", "title": 92, "deleted": false, "filesize": 7786769, "date_updated": "2011-02-11T14:02:33Z", "duration": "45:00", "date_created": "2006-10-30T17:44:40Z", "name": "Chapter 21: The Army of the Red Hand"}, "model": "core.episode", "pk": 49236}, {"fields": {"media_date_created": null, "description": "A familiar voice, a regal return and an amulet.", "sequence": 22, "url": "http://media.podiobooks.com/shadowmagic/PB-Shadowmagic-22.mp3", "title": 92, "deleted": false, "filesize": 7728045, "date_updated": "2011-02-11T17:07:53Z", "duration": "45:00", "date_created": "2006-11-07T23:07:52Z", "name": "Chapter 22: The Return to the Hazellands "}, "model": "core.episode", "pk": 49344}, {"fields": {"media_date_created": null, "description": "A kiss, a new tree, and Araf just won't shut up.", "sequence": 23, "url": "http://media.podiobooks.com/shadowmagic/PB-Shadowmagic-23.mp3", "title": 92, "deleted": false, "filesize": 10843513, "date_updated": "2011-02-10T21:52:17Z", "duration": "45:00", "date_created": "2006-11-13T16:20:10Z", "name": "Chapter 23: The Evil Eye"}, "model": "core.episode", "pk": 49384}, {"fields": {"media_date_created": null, "description": "A hug of wood and leaves.", "sequence": 24, "url": "http://media.podiobooks.com/shadowmagic/PB-Shadowmagic-24.mp3", "title": 92, "deleted": false, "filesize": 6765449, "date_updated": "2011-02-11T14:33:14Z", "duration": "45:00", "date_created": "2006-11-21T07:13:48Z", "name": "Chapter 24: Mother Oak"}, "model": "core.episode", "pk": 49528}, {"fields": {"media_date_created": null, "description": "A beginners guide to sneaking into a castle.", "sequence": 25, "url": "http://media.podiobooks.com/shadowmagic/PB-Shadowmagic-25.mp3", "title": 92, "deleted": false, "filesize": 6152548, "date_updated": "2011-02-10T21:50:55Z", "duration": "45:00", "date_created": "2006-12-03T08:58:00Z", "name": "Chapter 25: Born Ready"}, "model": "core.episode", "pk": 49625}, {"fields": {"media_date_created": null, "description": "Who says you can't get good help these days. ", "sequence": 26, "url": "http://media.podiobooks.com/shadowmagic/PB-Shadowmagic-26.mp3", "title": 92, "deleted": false, "filesize": 8942635, "date_updated": "2011-02-11T15:44:57Z", "duration": "45:00", "date_created": "2006-12-14T22:05:46Z", "name": "Chapter 26: Aein "}, "model": "core.episode", "pk": 49868}, {"fields": {"media_date_created": null, "description": "Oisin tries to get his hand back and Deirdre attempts the Land's first shadow-choosing as Conner and Nieve watch. ", "sequence": 27, "url": "http://media.podiobooks.com/shadowmagic/PB-Shadowmagic-27.mp3", "title": 92, "deleted": false, "filesize": 6991810, "date_updated": "2011-02-10T21:49:13Z", "duration": "45:00", "date_created": "2006-12-14T22:05:47Z", "name": "Chapter 27: The Choosing "}, "model": "core.episode", "pk": 49869}, {"fields": {"media_date_created": null, "description": "Just before all hell breaks out.", "sequence": 28, "url": "http://media.podiobooks.com/shadowmagic/PB-Shadowmagic-28.mp3", "title": 92, "deleted": false, "filesize": 5898638, "date_updated": "2011-02-11T15:51:35Z", "duration": "45:00", "date_created": "2006-12-24T17:39:25Z", "name": "Chapter 28: The Truth - a Second Time. "}, "model": "core.episode", "pk": 50284}, {"fields": {"media_date_created": null, "description": "All hell breaks loose. ", "sequence": 29, "url": "http://media.podiobooks.com/shadowmagic/PB-Shadowmagic-29.mp3", "title": 92, "deleted": false, "filesize": 4354697, "date_updated": "2011-02-10T22:51:48Z", "duration": "45:00", "date_created": "2006-12-24T17:39:24Z", "name": "Chapter 29: A Time to Bend "}, "model": "core.episode", "pk": 50285}, {"fields": {"media_date_created": null, "description": "Conner gets out of the castle and goes on a road trip. ", "sequence": 30, "url": "http://media.podiobooks.com/shadowmagic/PB-Shadowmagic-30.mp3", "title": 92, "deleted": false, "filesize": 9627251, "date_updated": "2011-02-10T22:51:44Z", "duration": "45:00", "date_created": "2006-12-24T17:39:26Z", "name": "Chapter 30: A Decision "}, "model": "core.episode", "pk": 50286}, {"fields": {"media_date_created": null, "description": "The Last Chapter ", "sequence": 31, "url": "http://media.podiobooks.com/shadowmagic/PB-Shadowmagic-31.mp3", "title": 92, "deleted": false, "filesize": 5894277, "date_updated": "2011-02-11T11:20:05Z", "duration": "45:00", "date_created": "2006-12-24T17:39:27Z", "name": "Chapter 31: Goodbyes "}, "model": "core.episode", "pk": 50287}, {"fields": {"media_date_created": null, "description": "Meet Dick Goodman, horny computer geek. A wise woman helps out. Watch Dick discover kink. Be a kitty in the corner as Dick finds females who live to serve. See him craft his \"tiny plan for world domination.\" Cheer as Dick gathers his team of luxurious subbies. Hear Dick telling off his boss. So... pull up a chair, open a cold beer, kick back, and watch and listen as Dick and his first three gals climb into bed and pet, love, lick and laugh.", "sequence": 1, "url": "http://media.podiobooks.com/theplumpbuffet/PB-PlumpBuffet-001.mp3", "title": 250, "deleted": false, "filesize": 27865610, "date_updated": "2011-02-04T09:26:23Z", "duration": "45:00", "date_created": "2008-02-14T07:31:19Z", "name": "Episode One. Act 1, Part 1. Tell Momma Mary What's Wrong, Sweetie"}, "model": "core.episode", "pk": 66766}, {"fields": {"media_date_created": null, "description": "Learn as Dick demonstrates how to make an obnoxious panhandler give YOU a dollar. Dick collars his first kitty. More girls join up. We meet Mother, the Fuckers, and Mother's \"little bitches.\" Mother teaches Dick that \"pussy begets pussy.\" Then someone gives Dick a piece of paper that changes his fucking life. Dick sees the first signs of unrest in the cattery, then someone threatens to cut off his balls. And Dick's about to find out just how crazy a crazy girl can be.", "sequence": 2, "url": "http://media.podiobooks.com/theplumpbuffet/PB-PlumpBuffet-02.mp3", "title": 250, "deleted": false, "filesize": 28212099, "date_updated": "2011-02-11T18:33:13Z", "duration": "45:00", "date_created": "2008-02-14T07:31:19Z", "name": "Episode Two. Act 1, Part 2. Pussy Begets Pussy"}, "model": "core.episode", "pk": 66767}, {"fields": {"media_date_created": null, "description": "The kitties go out into the desert. The cult begins and many more girls show up. There's panty sniffing, kitty piles, tunnel holes, The Art of War, and some really pissed off rednecks. Dick can't keep track of the girls, so he renames them all \"Debbie.\" We find out the interesting truth about Dick's boss' sexual predilections. And a pack of peeping baby chicks try to wreck Dick's day.", "sequence": 3, "url": "http://media.podiobooks.com/theplumpbuffet/PB-PlumpBuffet-03.mp3", "title": 250, "deleted": false, "filesize": 24573346, "date_updated": "2011-02-11T15:38:40Z", "duration": "45:00", "date_created": "2008-02-14T07:31:19Z", "name": "Episode Three. Act 2, Part 1. Birth of Dick Goodman, Master of Cats"}, "model": "core.episode", "pk": 66768}, {"fields": {"media_date_created": null, "description": "White robes, babies being launched and desert bugs. Our happy little furverts run wild in the desert, and know that they're going to be taken care of in this life, and the next. Dick pulls out his oral BDSM contract with the girls and explains why no one's to be naked unless he says so. We meet some bible humpers who are somewhere to the right of Genghis Khan, and someone holds a gun to someone's head. We enjoy some satin and sleaze as the girls all strut their stuff for Daddy. We witness a portent of the final days, someone else draws a gun, then Dick gets a few new toys.\r\n\r\n(Bonus points: the first person to name their band \"The Stacy Contingent\" wins a prize.)", "sequence": 4, "url": "http://media.podiobooks.com/theplumpbuffet/PB-PlumpBuffet-04.mp3", "title": 250, "deleted": false, "filesize": 27239987, "date_updated": "2011-02-11T18:45:59Z", "duration": "45:00", "date_created": "2008-02-20T18:13:51Z", "name": "Episode Four. Act 2, Part 2. My Mouth Is Ready, May It Do Him Ease"}, "model": "core.episode", "pk": 66814}, {"fields": {"media_date_created": null, "description": "The three good girls show what their hearts feel by kneeling, as the world starts to collapse around them. Names are added to the \"Golden Floppy Disc of Redemption\" as the Sheriff reaches the end of his rope. We meet a bulldog from out of town, and a well-dressed mink crashes the party.\r\n\r\n(Tune in next week for the thrilling conclusion of \"The Plump Buffet\", then stay subscribed for the three bonus episodes after that!)", "sequence": 5, "url": "http://media.podiobooks.com/theplumpbuffet/PB-PlumpBuffet-005.mp3", "title": 250, "deleted": false, "filesize": 17410007, "date_updated": "2011-02-08T13:35:38Z", "duration": "45:00", "date_created": "2008-02-20T18:13:51Z", "name": "Episode Five. Act 3, Part 1. Countdown to Chaos"}, "model": "core.episode", "pk": 66815}, {"fields": {"media_date_created": null, "description": "A man of God beseeches the almighty in prayer for the souls of Dick and all the girls. They stay the calm in the storm, as Dick teaches us what it really means to be a hero. The three bears of the apocalypse ride in, and now all the kitties are tamed.\r\n\r\n(Thus concludes, \"The Plump Buffet\" proper. But stay tuned and subscribed for three bonus episodes, two that are simply the bitchin' songs we wrote and recorded as \"MOTHER AND THE FUCKERS\", with no intro or outro on the files, for your dancing and dining pleasure, and one episode of hi-larious outtakes from the recording of our fabulous voice actors.)", "sequence": 6, "url": "http://media.podiobooks.com/theplumpbuffet/PB-PlumpBuffet-06.mp3", "title": 250, "deleted": false, "filesize": 20862350, "date_updated": "2011-02-04T09:26:21Z", "duration": "45:00", "date_created": "2008-02-20T18:13:51Z", "name": "Episode Six. Act 3, Part 2. A Hero is Someone Who Interferes With the Karma of Others"}, "model": "core.episode", "pk": 66816}, {"fields": {"media_date_created": null, "description": "Mother and the Fuckers performing \"I Love My Little Bitches\" Encoded at 320 K!", "sequence": 7, "url": "http://media.podiobooks.com/theplumpbuffet/PB-PlumpBuffet-07.mp3", "title": 250, "deleted": false, "filesize": 9018494, "date_updated": "2011-02-04T09:26:21Z", "duration": "45:00", "date_created": "2008-02-20T18:13:51Z", "name": "Bonus Track - I Love My Little Bitches"}, "model": "core.episode", "pk": 66817}, {"fields": {"media_date_created": null, "description": "Mother and the Fuckers performing \"Dick and the Debbies\"\r\nEncoded at 320 K!", "sequence": 8, "url": "http://media.podiobooks.com/theplumpbuffet/PB-PlumpBuffet-08.mp3", "title": 250, "deleted": false, "filesize": 3420971, "date_updated": "2011-02-04T09:26:20Z", "duration": "45:00", "date_created": "2008-02-20T18:13:51Z", "name": "Bonus Track - Dick and the Debbies"}, "model": "core.episode", "pk": 66818}, {"fields": {"media_date_created": null, "description": "Fun flubs and behind-the-scenes audio footage from the voice actors recording their parts.\r\nTHIS THE FINAL EPISODE OF \"The Plump Buffet\". Thank you for listening. And be sure to tell two friends.", "sequence": 9, "url": "http://media.podiobooks.com/theplumpbuffet/PB-PlumpBuffet-09.mp3", "title": 250, "deleted": false, "filesize": 37753753, "date_updated": "2011-02-04T09:26:20Z", "duration": "45:00", "date_created": "2008-02-20T18:13:51Z", "name": "Outtakes from The Plump Buffet"}, "model": "core.episode", "pk": 66819}, {"fields": {"media_date_created": null, "description": "Ishmael Wang graduates from the Academy and heads out for the Diurnia Quadrant. (Chapters 1-2)", "sequence": 1, "url": "http://media.podiobooks.com/doubleshare/PB-DoubleShare-01.mp3", "title": 293, "deleted": false, "filesize": 22163570, "date_updated": "2011-02-11T13:56:14Z", "duration": "45:00", "date_created": "2008-07-04T18:05:13Z", "name": "Episode 1"}, "model": "core.episode", "pk": 68250}, {"fields": {"media_date_created": null, "description": "Ishmael catches up on his reading and learns some self defense tricks on the way to Diurnia.(Chapters 3-4)", "sequence": 2, "url": "http://media.podiobooks.com/doubleshare/PB-DoubleShare-02.mp3", "title": 293, "deleted": false, "filesize": 21069353, "date_updated": "2011-02-10T08:56:38Z", "duration": "45:00", "date_created": "2008-07-04T18:05:29Z", "name": "Episode 2"}, "model": "core.episode", "pk": 68251}, {"fields": {"media_date_created": null, "description": "Ishmael gets to Diurnia, signs his contract and learns that his ship is waiting. (Chapters 5-6)", "sequence": 3, "url": "http://media.podiobooks.com/doubleshare/PB-DoubleShare-03.mp3", "title": 293, "deleted": false, "filesize": 24494111, "date_updated": "2011-02-10T08:56:53Z", "duration": "45:00", "date_created": "2008-07-04T18:05:46Z", "name": "Episode 3"}, "model": "core.episode", "pk": 68252}, {"fields": {"media_date_created": null, "description": "Ishmael reports for duty on the SC William Tinker and begins meeting the crew. (Chapters 7-8)", "sequence": 4, "url": "http://media.podiobooks.com/doubleshare/PB-DoubleShare-04.mp3", "title": 293, "deleted": false, "filesize": 22219577, "date_updated": "2011-02-10T08:57:37Z", "duration": "45:00", "date_created": "2008-07-04T18:06:06Z", "name": "Episode 4"}, "model": "core.episode", "pk": 68253}, {"fields": {"media_date_created": null, "description": "As Ishmael settles into the shipboard routine, troubling issues start emerging. (Chapters 9-10)", "sequence": 5, "url": "http://media.podiobooks.com/doubleshare/PB-DoubleShare-05.mp3", "title": 293, "deleted": false, "filesize": 24501634, "date_updated": "2011-02-10T23:53:30Z", "duration": "45:00", "date_created": "2008-07-04T18:06:23Z", "name": "Episode 5"}, "model": "core.episode", "pk": 68254}, {"fields": {"media_date_created": null, "description": "Ishmael stands his first watch and takes a tour of the ship. (Chapters 11-12)", "sequence": 6, "url": "http://media.podiobooks.com/doubleshare/PB-DoubleShare-06.mp3", "title": 293, "deleted": false, "filesize": 21989281, "date_updated": "2011-02-11T16:45:37Z", "duration": "45:00", "date_created": "2008-07-08T18:34:56Z", "name": "Episode 6"}, "model": "core.episode", "pk": 68287}, {"fields": {"media_date_created": null, "description": "The SC William Tinker gets underway and Ishmael meets the Captain. (Chapters 13-14)", "sequence": 7, "url": "http://media.podiobooks.com/doubleshare/PB-DoubleShare-07.mp3", "title": 293, "deleted": false, "filesize": 23519430, "date_updated": "2011-02-11T17:55:56Z", "duration": "45:00", "date_created": "2008-07-08T18:35:30Z", "name": "Episode 7"}, "model": "core.episode", "pk": 68288}, {"fields": {"media_date_created": null, "description": "Ishmael learns more about what happened to his predecessor and begins to make changes aboard. (Chapters 15-16) ", "sequence": 8, "url": "http://media.podiobooks.com/doubleshare/PB-DoubleShare-08.mp3", "title": 293, "deleted": false, "filesize": 23148240, "date_updated": "2011-02-11T18:13:00Z", "duration": "45:00", "date_created": "2008-07-08T18:35:53Z", "name": "Episode 8"}, "model": "core.episode", "pk": 68289}, {"fields": {"media_date_created": null, "description": "Ishmael gets a reputation and learns something about the crew. (Chapters 17-18)", "sequence": 9, "url": "http://media.podiobooks.com/doubleshare/PB-DoubleShare-09.mp3", "title": 293, "deleted": false, "filesize": 24560984, "date_updated": "2011-02-11T00:56:42Z", "duration": "45:00", "date_created": "2008-07-08T18:36:28Z", "name": "Episode 9"}, "model": "core.episode", "pk": 68290}, {"fields": {"media_date_created": null, "description": "Ishmael learns that no good deed goes unpunished and starts to clean up the ship. (Chapters 19-20)", "sequence": 10, "url": "http://media.podiobooks.com/doubleshare/PB-DoubleShare-10.mp3", "title": 293, "deleted": false, "filesize": 23986291, "date_updated": "2011-02-10T09:00:46Z", "duration": "45:00", "date_created": "2008-07-08T18:36:50Z", "name": "Episode 10"}, "model": "core.episode", "pk": 68291}, {"fields": {"media_date_created": null, "description": "Ishmael has a run in with a couple of crew members and learns something important about the general outlook aboard. (Chapters 21-22)", "sequence": 11, "url": "http://media.podiobooks.com/doubleshare/PB-DoubleShare-11.mp3", "title": 293, "deleted": false, "filesize": 28534899, "date_updated": "2011-02-10T09:01:12Z", "duration": "45:00", "date_created": "2008-07-12T22:11:32Z", "name": "Episode 11"}, "model": "core.episode", "pk": 68317}, {"fields": {"media_date_created": null, "description": "Ishmael learns that Mr. Burnside takes a very proprietary view of his watch. (Chapters 23-24)", "sequence": 12, "url": "http://media.podiobooks.com/doubleshare/PB-DoubleShare-12.mp3", "title": 293, "deleted": false, "filesize": 21173844, "date_updated": "2011-02-10T09:01:13Z", "duration": "45:00", "date_created": "2008-07-12T22:11:53Z", "name": "Episode 12"}, "model": "core.episode", "pk": 68318}, {"fields": {"media_date_created": null, "description": "The crew has a field day and Ishmael discovers that he's volunteered to be a teacher. (Chapters 25-26)", "sequence": 13, "url": "http://media.podiobooks.com/doubleshare/PB-DoubleShare-13.mp3", "title": 293, "deleted": false, "filesize": 24582719, "date_updated": "2011-02-10T09:02:08Z", "duration": "45:00", "date_created": "2008-07-12T22:12:20Z", "name": "Episode 13"}, "model": "core.episode", "pk": 68319}, {"fields": {"media_date_created": null, "description": "The crew learns how to study together and Ishmael gets called names. (Chapters 27-28)", "sequence": 14, "url": "http://media.podiobooks.com/doubleshare/PB-DoubleShare-14.mp3", "title": 293, "deleted": false, "filesize": 21921991, "date_updated": "2011-02-10T09:02:31Z", "duration": "45:00", "date_created": "2008-07-12T22:12:44Z", "name": "Episode 14"}, "model": "core.episode", "pk": 68320}, {"fields": {"media_date_created": null, "description": "After consulting with Arletta and Mel, Ishmael begins taking steps to protect himself. He also learns just how detailed RumorNet can be. (Chapters 29-30)", "sequence": 15, "url": "http://media.podiobooks.com/doubleshare/PB-DoubleShare-15.mp3", "title": 293, "deleted": false, "filesize": 21890226, "date_updated": "2011-02-10T09:03:09Z", "duration": "45:00", "date_created": "2008-07-12T22:13:07Z", "name": "Episode 15"}, "model": "core.episode", "pk": 68321}, {"fields": {"media_date_created": null, "description": "Ishmael pokes about and discovers some interesting facts about the Tinker's systems. (Chapters 31-32)", "sequence": 16, "url": "http://media.podiobooks.com/doubleshare/PB-DoubleShare-16.mp3", "title": 293, "deleted": false, "filesize": 21335594, "date_updated": "2011-02-10T09:03:43Z", "duration": "45:00", "date_created": "2008-07-14T02:30:49Z", "name": "Episode 16"}, "model": "core.episode", "pk": 68331}, {"fields": {"media_date_created": null, "description": "Ishmael visits the Captain and gets a warning from Fredi. (Chapters 33-34) ", "sequence": 17, "url": "http://media.podiobooks.com/doubleshare/PB-DoubleShare-17.mp3", "title": 293, "deleted": false, "filesize": 23647326, "date_updated": "2011-02-11T14:38:46Z", "duration": "45:00", "date_created": "2008-07-14T02:31:29Z", "name": "Episode 17"}, "model": "core.episode", "pk": 68332}, {"fields": {"media_date_created": null, "description": "Another crewman wants to join Ishmael's harem. Fredi offers a word of caution. (Chapters 35-36)", "sequence": 18, "url": "http://media.podiobooks.com/doubleshare/PB-DoubleShare-18.mp3", "title": 293, "deleted": false, "filesize": 23668642, "date_updated": "2011-02-11T17:54:52Z", "duration": "45:00", "date_created": "2008-07-14T02:32:00Z", "name": "Episode 18"}, "model": "core.episode", "pk": 68333}, {"fields": {"media_date_created": null, "description": "Ishmael does a little more clean up and takes Mr. Vorhees shopping. (Chapters 37-38)", "sequence": 19, "url": "http://media.podiobooks.com/doubleshare/PB-DoubleShare-19.mp3", "title": 293, "deleted": false, "filesize": 20831117, "date_updated": "2011-02-11T17:13:17Z", "duration": "45:00", "date_created": "2008-07-14T02:32:34Z", "name": "Episode 19"}, "model": "core.episode", "pk": 68334}, {"fields": {"media_date_created": null, "description": "Fredi reveals a secret and Ishmael stretches his legs on the Orbital. (Chapters 39-40)", "sequence": 20, "url": "http://media.podiobooks.com/doubleshare/PB-DoubleShare-20.mp3", "title": 293, "deleted": false, "filesize": 25169116, "date_updated": "2011-02-11T16:06:16Z", "duration": "45:00", "date_created": "2008-07-14T02:33:06Z", "name": "Episode 20"}, "model": "core.episode", "pk": 68335}, {"fields": {"media_date_created": null, "description": "While Mel, Fredi, and Ishmael celebrate, tragedy is brewing. (Chapters 41-42)", "sequence": 21, "url": "http://media.podiobooks.com/doubleshare/PB-DoubleShare-21.mp3", "title": 293, "deleted": false, "filesize": 19402533, "date_updated": "2011-02-11T17:40:40Z", "duration": "45:00", "date_created": "2008-07-17T08:24:01Z", "name": "Episode 21 "}, "model": "core.episode", "pk": 68357}, {"fields": {"media_date_created": null, "description": "Burnside shows Ishmael how the ship does drills and half the crew takes ratings exams. (Chapters 43-44)", "sequence": 22, "url": "http://media.podiobooks.com/doubleshare/PB-DoubleShare-22.mp3", "title": 293, "deleted": false, "filesize": 17685556, "date_updated": "2011-02-11T20:08:54Z", "duration": "45:00", "date_created": "2008-07-17T08:24:33Z", "name": "Episode 22"}, "model": "core.episode", "pk": 68358}, {"fields": {"media_date_created": null, "description": "Ishmael gets some late night callers and gets locks installed on the doors. (Chapters 45-46)", "sequence": 23, "url": "http://media.podiobooks.com/doubleshare/PB-DoubleShare-23.mp3", "title": 293, "deleted": false, "filesize": 21360672, "date_updated": "2011-02-11T13:55:00Z", "duration": "45:00", "date_created": "2008-07-17T08:25:55Z", "name": "Episode 23"}, "model": "core.episode", "pk": 68359}, {"fields": {"media_date_created": null, "description": "The watch rotations change as the injured crew are deal with. Apones finally wears a clean shipsuit. (Chapters 47-48) ", "sequence": 24, "url": "http://media.podiobooks.com/doubleshare/PB-DoubleShare-24.mp3", "title": 293, "deleted": false, "filesize": 19104528, "date_updated": "2011-02-11T17:49:31Z", "duration": "45:00", "date_created": "2008-07-17T08:26:18Z", "name": "Episode 24"}, "model": "core.episode", "pk": 68360}, {"fields": {"media_date_created": null, "description": "The nightmare ends and Ishmael gives out another whelkie. (Chapters 49-50)", "sequence": 25, "url": "http://media.podiobooks.com/doubleshare/PB-DoubleShare-25.mp3", "title": 293, "deleted": false, "filesize": 24652100, "date_updated": "2011-02-11T17:33:57Z", "duration": "45:00", "date_created": "2008-07-17T08:26:43Z", "name": "Episode 25"}, "model": "core.episode", "pk": 68361}, {"fields": {"code": "", "url": "http://creativecommons.org/licenses/by-nc-nd/3.0/", "text": "Creative Commons Attribution-Noncommercial-No Derivative Works 3.0", "date_updated": "2009-12-10T04:52:27Z", "image_url": "http://i.creativecommons.org/l/by-nc-nd/3.0/us/88x31.png", "date_created": "2009-12-10T04:52:27Z", "slug": "by-nc-nd"}, "model": "core.license", "pk": 1}, {"fields": {"code": "", "url": "http://creativecommons.org/licenses/by-sa/3.0/", "text": "Creative Commons Attribution-Share Alike 3.0", "date_updated": "2009-12-10T04:52:27Z", "image_url": "http://i.creativecommons.org/l/by-sa/3.0/us/88x31.png", "date_created": "2009-12-10T04:52:27Z", "slug": "by-sa"}, "model": "core.license", "pk": 2}, {"fields": {"code": "", "url": "http://creativecommons.org/licenses/by-nc-sa/3.0/", "text": "Creative Commons Attribution-Noncommercial-Share Alike", "date_updated": "2009-12-10T04:53:00Z", "image_url": "http://i.creativecommons.org/l/by-nc-sa/3.0/us/88x31.png", "date_created": "2009-12-10T04:53:00Z", "slug": "by-nc-sa"}, "model": "core.license", "pk": 3}, {"fields": {"code": "", "url": "http://creativecommons.org/licenses/by-nd/3.0/", "text": "Creative Commons Attribution-No Derivative Works", "date_updated": "2009-12-10T04:53:00Z", "image_url": "http://i.creativecommons.org/l/by-nd/3.0/us/88x31.png", "date_created": "2009-12-10T04:53:00Z", "slug": "by-nd"}, "model": "core.license", "pk": 4}, {"fields": {"code": "", "url": "", "text": "", "date_updated": "2011-02-05T16:33:24Z", "image_url": "", "date_created": "2011-02-05T16:33:24Z", "slug": "all"}, "model": "core.license", "pk": 5}, {"fields": {"code": "", "url": "", "text": "", "date_updated": "2011-02-06T23:28:57Z", "image_url": "", "date_created": "2011-02-06T23:28:57Z", "slug": "by-nd-nd"}, "model": "core.license", "pk": 6}, {"fields": {"code": "", "url": "", "text": "", "date_updated": "2011-02-06T23:28:57Z", "image_url": "", "date_created": "2011-02-06T23:28:57Z", "slug": "by-nc-nc"}, "model": "core.license", "pk": 7}, {"fields": {"date_created": "2011-02-11T20:50:44Z", "last_rating_id": 17206}, "model": "core.rating", "pk": 1}, {"fields": {"description": "7th Son", "short_name": "", "deleted": false, "date_updated": "2010-02-01T03:23:01Z", "date_created": "2010-02-01T03:23:01Z", "slug": "7th-son", "name": "7th Son"}, "model": "core.series", "pk": 4}, {"fields": {"description": "A Shaman's Tale from the Golden Age of the Solar Clipper", "short_name": "", "deleted": false, "date_updated": "2010-02-01T03:23:15Z", "date_created": "2010-02-01T03:23:15Z", "slug": "a-shamans-tale-from-the-golden-age-of-the-solar-clipper", "name": "A Shaman's Tale from the Golden Age of the Solar Clipper"}, "model": "core.series", "pk": 13}, {"fields": {"description": "A Trader's Tale from the Golden Age of the Solar Clipper", "short_name": "", "deleted": false, "date_updated": "2010-02-05T18:46:41Z", "date_created": "2010-02-05T18:46:41Z", "slug": "a-traders-tale-from-the-golden-age-of-the-solar-clipper", "name": "A Trader's Tale from the Golden Age of the Solar Clipper"}, "model": "core.series", "pk": 33}, {"fields": {"description": "Heaven", "short_name": "", "deleted": false, "date_updated": "2010-02-05T18:46:41Z", "date_created": "2010-02-05T18:46:41Z", "slug": "heaven", "name": "Heaven"}, "model": "core.series", "pk": 37}, {"fields": {"category_list": "\n<span class=\"category-list\"><a href=\"/category/science-fiction/\"><span itemprop=\"genre\" content=\"Science Fiction\">Science Fiction</span></a></span>\n", "date_updated": "2014-11-01T16:46:50.990Z", "series": null, "display_on_homepage": false, "podiobooker_blog_url": "http://www.podiobooks.com/blog/2005/11/25/earthcore/", "is_adult": false, "libsyn_cover_image_url": "http://static.libsyn.com/p/assets/d/4/d/e/d4ded27ae76528de/EarthCore-Cover1400x1400i.jpg", "tips_allowed": true, "payment_email_address": "", "itunes_new_feed_url": false, "is_for_kids": false, "is_explicit": false, "libsyn_show_id": "", "old_slug": "", "promoter_count": 261, "detractor_count": 7, "series_sequence": 1, "scribl_allowed": true, "description": "Deep below a desolate Utah mountain lays the largest platinum deposit ever discovered. A billion-dollar find, it waits for any company that can drill a world's record, three-mile-deep mine shaft.\r\n\r\nEarthCore is the company with the technology, the resources and the guts to go after the mother lode. Young executive Connell Kirkland is the company's driving force, pushing himself and those around him to uncover the massive treasure.\r\n\r\nBut Kirkland and EarthCore are not the first to find this treasure. The mountain's history reveals two centuries of disappearances, murder, and insanity.\r\n\r\nThe discovery of ancient platinum knives, razor-sharp despite lying untouched for 1,000 years, reveals evidence of an ancient culture. If the artifacts are genuine, they show a pre-historic empire that once spanned from the Southern tip of South America all the way up through the American Southwest.\r\n\r\nWealth and fame lie under that Utah mountain, but at three miles below the surface, where the rocks are so hot they burn bare skin, something has been waiting for centuries. Waiting ... and guarding. Kirkland and EarthCore are about to find out first-hand why this treasure has never been unearthed.\r\n\r\n<a href=\"http://technorati.com/claim/4b4hrzqp6\" rel=\"me\">Technorati Profile</a>", "deleted": false, "byline": "<span class=\"contributor-attribution\">by </span>\n\t<span class=\"contributor\"><a href=\"/contributor/scott-sigler/\">Scott Sigler</a></span>", "awards": [], "scribl_book_id": "", "slug": "earthcore", "libsyn_slug": "earthcore", "name": "Earthcore", "assets_from_images": "{'cover_400': u'images/covers/400/earthcore.jpg', 'cover_600': u'images/covers/600/earthcore.jpg', 'cover_900': u'images/covers/900/earthcore.jpg', 'cover_200': u'images/covers/200/earthcore.jpg', 'cover_1400': u'images/covers/1400/earthcore.jpg', 'cover_100': u'images/covers/100/earthcore.jpg', 'cover_300': u'images/covers/300/earthcore.jpg'}", "language": "en-us", "license": 1, "date_accepted": "2014-11-01T16:42:15Z", "itunes_adam_id": null, "cover": "images/covers/earthcore.jpg", "date_created": "2005-10-22T22:00:36Z", "is_family_friendly": false}, "model": "core.title", "pk": 24}, {"fields": {"category_list": "\n<span class=\"category-list\"><a href=\"/category/fantasy/\"><span itemprop=\"genre\" content=\"Fantasy\">Fantasy</span></a></span>\n", "date_updated": "2014-11-01T16:46:11.879Z", "series": null, "display_on_homepage": true, "podiobooker_blog_url": "http://www.podiobooks.com/blog/2006/07/16/shadowmagic-by-john-lenahan/", "is_adult": true, "libsyn_cover_image_url": "http://static.libsyn.com/p/assets/a/a/8/3/aa83e4a92f66902a/raw.jpg", "tips_allowed": true, "payment_email_address": null, "itunes_new_feed_url": false, "is_for_kids": false, "is_explicit": false, "libsyn_show_id": "k-794a08609b6b76b0", "old_slug": null, "promoter_count": 664, "detractor_count": 6, "series_sequence": 1, "scribl_allowed": true, "description": "<strong>Part 1 of the <a href=\"http://www.podiobooks.com/podiobooks/search.php?keyword=shadowmagic\">Shadowmagic Series</a></strong>\r\n\r\n<a href=\"http://www.ourhistoryproject.com/OHPLiteraryAward.html\"><img src=\"http://www.podiobooks.com/blog/wp-content/uploads/OHPgold.jpg\" width=\"100\" align=\"right\" /></a>\"Hi, my name is Conor.  Other than my father being a bit of an eccentric lunatic, my life was pretty normal until I got attacked in my living room and whisked away to Tir na Nog, the mystical land of the ancient Celts, where it turns out Dad is the usurped heir to the throne and everybody wants me dead because of some prophecy.  Don't you just hate when that happens?\"\r\n\r\nShadowmagic is a rip roaring fun fantasy adventure novel by John Lenahan very loosely based on Irish mythology where every chapter ends on the edge of a cliff (or at least a high curb.)  Join Conor as he grapples with typical teenage problems like, how to deal with a father's high expectations, how to survive in the world on your own and how to woo a beautiful girl - that wants you dead.  Shadowmagic a podcast novel for young adults from 12 to 112.\r\n\r\n<b>Rated 10 out of 10 on <a href=\"http://www.thegeekbeat.com/home/shadowmagic/\">The Geek Beat</a>!</b>", "deleted": false, "byline": "<span class=\"contributor-attribution\">by </span>\n\t<span class=\"contributor\"><a href=\"/contributor/john-lenahan/\">John Lenahan</a></span>", "awards": [], "scribl_book_id": null, "slug": "shadowmagic", "libsyn_slug": "shadowmagic", "name": "Shadowmagic", "assets_from_images": "{'cover_400': u'images/covers/400/shadowmagic.jpg', 'cover_600': u'images/covers/600/shadowmagic.jpg', 'cover_900': u'images/covers/900/shadowmagic.jpg', 'cover_200': u'images/covers/200/shadowmagic.jpg', 'cover_1400': u'images/covers/1400/shadowmagic.jpg', 'cover_100': u'images/covers/100/shadowmagic.jpg', 'cover_300': u'images/covers/300/shadowmagic.jpg'}", "language": "en-us", "license": 1, "date_accepted": null, "itunes_adam_id": null, "cover": "images/covers/shadowmagic.jpg", "date_created": "2006-07-15T16:16:07Z", "is_family_friendly": false}, "model": "core.title", "pk": 92}, {"fields": {"category_list": "\n<span class=\"category-list\"><a href=\"/category/erotica/\"><span itemprop=\"genre\" content=\"Erotica\">Erotica</span></a></span>\n", "date_updated": "2014-11-01T16:46:08.207Z", "series": null, "display_on_homepage": true, "podiobooker_blog_url": "http://www.podiobooks.com/blog/2008/02/14/the-plump-buffet/", "is_adult": true, "libsyn_cover_image_url": "http://static.libsyn.com/p/assets/1/6/3/a/163ad5ba6b7e6d95/raw.jpg", "tips_allowed": true, "payment_email_address": null, "itunes_new_feed_url": false, "is_for_kids": false, "is_explicit": false, "libsyn_show_id": "k-0729c868d2d96145", "old_slug": null, "promoter_count": 11, "detractor_count": 1, "series_sequence": 1, "scribl_allowed": true, "description": "THE PLUMP BUFFET - a romantic kinky curvy cat cult comedy.\r\n\r\nThe Plump Buffet is a cast-production BDSM radio play about a sex cult in the desert... and they're all cats.\r\n\r\nWARNING: \"The Plump Buffet\" is comedic literature with sexual motifs. If you are not of legal age, you should not listen. You should also not listen if literature with sexual motifs is not permitted in your community. You are also not to listen if you are easily offended by such material. But compared to network TV, it's a wholesome story... no one dies.\r\n\r\n-THE PLUMP BUFFET: it's not a love triangle, it's a love polygon.\r\n\r\n--THE PLUMP BUFFET is \"Fritz the Cat\" meets \"Showdown at Waco.\"\r\n\r\n--50 women aren't 50 times the fun, they're 50 times the hassle. And one of them always feels like killing you.\r\n\r\n<strong><a href=\"http://adultfriendfinder.com/go/page/search_results_landing?pid=g1288149-ppc.sub250&girls_show=3\">Don't wait! Meet luscious BBWs in your area RIGHT NOW!</a></strong>\r\n\r\nCREDITS FOR THE PLUMP BUFFET:\r\n\r\nStory by ThornDaddy and Dollie Llama.\r\n\r\nNarrator: George Earth. Voice actors: ThornDaddy, Dollie Llama, Estrus Goodspeed, penelope x.k. moi, George Earth. Audio production: ThornDaddy. Directed by ThornDaddy and Dollie Llama.\r\n\r\nMusic by ThornDaddy. Lyrics and vocals: Dollie Llama and ThornDaddy. Bass guitar: ThornDaddy. Guitars: Officer Hutsskew, Marky the Sod. Drums: London May. Music produced and mixed by ThornDaddy.\r\n\r\nCover art: F. Wertham. Name \"Plump Buffet\" suggested by L. Lamb (\"Baa Baa!\")\r\n\r\nThanks to marion (House Of Reason), Illicit Shane, and Erin for audio proofing help.\r\n\r\nABOUT THE AUTHORS:\r\nThornDaddy and Dollie Llama are an ecstatically married couple living in Southern California. They did the Podiobook <a href=\"http://www.podiobooks.com/title/sm-diary\">Diary of an S and M Romance</a>.\r\n \r\nThey produce a free weekly BDSM Podcast called <a href=\"http://www.askdollie.com\">Submission and Coffee</a>.", "deleted": false, "byline": "<span class=\"contributor-attribution\">by </span>\n\t<span class=\"contributor\"><a href=\"/contributor/dollie-llama/\">Dollie Llama</a></span>\n\t\n\t<span class=\"contributor-attribution\"> and </span>\n\t<span class=\"contributor\"><a href=\"/contributor/thorndaddy/\">ThornDaddy</a></span>", "awards": [], "scribl_book_id": null, "slug": "the-plump-buffet", "libsyn_slug": "theplumpbuffet", "name": "The Plump Buffet", "assets_from_images": "{'cover_400': u'images/covers/400/the-plump-buffet.jpg', 'cover_600': u'images/covers/600/the-plump-buffet.jpg', 'cover_900': u'images/covers/900/the-plump-buffet.jpg', 'cover_200': u'images/covers/200/the-plump-buffet.jpg', 'cover_1400': u'images/covers/1400/the-plump-buffet.jpg', 'cover_100': u'images/covers/100/the-plump-buffet.jpg', 'cover_300': u'images/covers/300/the-plump-buffet.jpg'}", "language": "en-us", "license": 1, "date_accepted": null, "itunes_adam_id": null, "cover": "images/covers/the-plump-buffet.jpg", "date_created": "2008-02-14T06:00:51Z", "is_family_friendly": false}, "model": "core.title", "pk": 250}, {"fields": {"category_list": "\n<span class=\"category-list\"><a href=\"/category/science-fiction/\"><span itemprop=\"genre\" content=\"Science Fiction\">Science Fiction</span></a></span>\n", "date_updated": "2014-11-01T16:46:09.992Z", "series": 33, "display_on_homepage": true, "podiobooker_blog_url": "http://www.podiobooks.com/blog/2008/07/04/double-share/", "is_adult": false, "libsyn_cover_image_url": "http://static.libsyn.com/p/assets/a/3/7/a/a37aa6e33bb4fc74/raw.jpg", "tips_allowed": true, "payment_email_address": null, "itunes_new_feed_url": false, "is_for_kids": false, "is_explicit": false, "libsyn_show_id": "k-468bf077b22489b2", "old_slug": "double-share", "promoter_count": 414, "detractor_count": 2, "series_sequence": 1, "scribl_allowed": true, "description": "<strong><a href=\"http://www.podiobooks.com/podiobooks/search.php?keyword=golden+age+of+the+solar+clipper\">Golden Age of the Solar Clipper</a> - <a href=\"http://www.podiobooks.com/podiobooks/search.php?keyword=trader+tales\">Trader Tales</a>: Book 4</strong>\r\n\r\n\r\nWhen he graduates from the Academy at Port Newmar, Ishmael Horatio Wang reports for duty in his first assignment as an officer. When he gets to his new ship, he finds things are not exactly the way he'd learned in school. The coffee tastes like used engine oil, the ship has no heart, and the nearest decent tailor is two quadrants away. What's a new Third Mate to do? Will he be able to trust Billy?\r\n\r\n<a href=\"http://www.podiobooks.com/blog/2008/12/30/2008-founders-choice-awards/\"><img src=\"http://farm5.static.flickr.com/4030/4285895645_98147f8aee_o.gif\" align=\"right\" hspace=\"10\" vspace=\"10\" /></a><a href=\"http://parsecawards.com/node/861\"><img src=\"http://farm4.static.flickr.com/3574/3773548318_0f024bb111_o.jpg\" align=\"right\" hspace=\"5\" border=\"0\" /></a>", "deleted": false, "byline": "<span class=\"contributor-attribution\">by </span>\n\t<span class=\"contributor\"><a href=\"/contributor/nathan-lowell/\">Nathan Lowell</a></span>", "awards": [8], "scribl_book_id": null, "slug": "trader-tales-4-double-share", "libsyn_slug": "doubleshare", "name": "Trader Tales 4: Double Share", "assets_from_images": "{'cover_400': u'images/covers/400/trader-tales-4-double-share.jpg', 'cover_600': u'images/covers/600/trader-tales-4-double-share.jpg', 'cover_900': u'images/covers/900/trader-tales-4-double-share.jpg', 'cover_200': u'images/covers/200/trader-tales-4-double-share.jpg', 'cover_1400': u'images/covers/1400/trader-tales-4-double-share.jpg', 'cover_100': u'images/covers/100/trader-tales-4-double-share.jpg', 'cover_300': u'images/covers/300/trader-tales-4-double-share.jpg'}", "language": "en-us", "license": 1, "date_accepted": null, "itunes_adam_id": null, "cover": "images/covers/trader-tales-4-double-share.jpg", "date_created": "2008-07-04T17:31:17Z", "is_family_friendly": false}, "model": "core.title", "pk": 293}, {"fields": {"category_list": "\n<span class=\"category-list\"><a href=\"/category/science-fiction/\">Science Fiction</a></span>\n", "date_updated": "2011-02-11T20:32:32Z", "series": 33, "display_on_homepage": true, "podiobooker_blog_url": "http://www.podiobooks.com/blog/2008/07/04/DELETED_TITLE/", "is_adult": false, "libsyn_cover_image_url": null, "tips_allowed": true, "payment_email_address": null, "itunes_new_feed_url": false, "is_for_kids": false, "is_explicit": false, "libsyn_show_id": "", "old_slug": null, "promoter_count": 0, "detractor_count": 0, "series_sequence": 1, "scribl_allowed": true, "description": "This title should be deleted.", "deleted": true, "byline": "Deleted Byline", "awards": [], "scribl_book_id": null, "slug": "deleted-title", "libsyn_slug": "", "name": "Deleted Title", "assets_from_images": null, "language": "en-us", "license": 1, "date_accepted": null, "itunes_adam_id": null, "cover": "", "date_created": "2008-07-04T17:31:17Z", "is_family_friendly": false}, "model": "core.title", "pk": 123293}, {"fields": {"category": 1, "title": 24}, "model": "core.titlecategory", "pk": 6783}, {"fields": {"category": 2, "title": 92}, "model": "core.titlecategory", "pk": 6835}, {"fields": {"category": 26, "title": 250}, "model": "core.titlecategory", "pk": 6949}, {"fields": {"category": 1, "title": 293}, "model": "core.titlecategory", "pk": 6986}, {"fields": {"contributor": 4247, "date_created": "2011-02-11T20:32:32Z", "date_updated": "2011-02-11T20:32:32Z", "contributor_type": 1, "title": 24}, "model": "core.titlecontributor", "pk": 7160}, {"fields": {"contributor": 4291, "date_created": "2011-02-11T20:32:32Z", "date_updated": "2011-02-11T20:32:32Z", "contributor_type": 1, "title": 92}, "model": "core.titlecontributor", "pk": 7213}, {"fields": {"contributor": 4358, "date_created": "2011-02-11T20:32:32Z", "date_updated": "2011-02-11T20:32:32Z", "contributor_type": 1, "title": 250}, "model": "core.titlecontributor", "pk": 7334}, {"fields": {"contributor": 4357, "date_created": "2011-02-11T20:32:32Z", "date_updated": "2011-02-11T20:32:32Z", "contributor_type": 1, "title": 250}, "model": "core.titlecontributor", "pk": 7335}, {"fields": {"contributor": 4320, "date_created": "2011-02-11T20:32:32Z", "date_updated": "2011-02-11T20:32:32Z", "contributor_type": 1, "title": 293}, "model": "core.titlecontributor", "pk": 7375}, {"fields": {"codename": "add_logentry", "name": "Can add log entry", "content_type": 1}, "model": "auth.permission", "pk": 1}, {"fields": {"codename": "change_logentry", "name": "Can change log entry", "content_type": 1}, "model": "auth.permission", "pk": 2}, {"fields": {"codename": "delete_logentry", "name": "Can delete log entry", "content_type": 1}, "model": "auth.permission", "pk": 3}, {"fields": {"codename": "adminactions_export_logentry", "name": "Can export log entry (adminactions)", "content_type": 1}, "model": "auth.permission", "pk": 4}, {"fields": {"codename": "adminactions_massupdate_logentry", "name": "Can massupdate log entry (adminactions)", "content_type": 1}, "model": "auth.permission", "pk": 5}, {"fields": {"codename": "adminactions_merge_logentry", "name": "Can merge log entry (adminactions)", "content_type": 1}, "model": "auth.permission", "pk": 6}, {"fields": {"codename": "add_permission", "name": "Can add permission", "content_type": 2}, "model": "auth.permission", "pk": 7}, {"fields": {"codename": "change_permission", "name": "Can change permission", "content_type": 2}, "model": "auth.permission", "pk": 8}, {"fields": {"codename": "delete_permission", "name": "Can delete permission", "content_type": 2}, "model": "auth.permission", "pk": 9}, {"fields": {"codename": "add_group", "name": "Can add group", "content_type": 3}, "model": "auth.permission", "pk": 10}, {"fields": {"codename": "change_group", "name": "Can change group", "content_type": 3}, "model": "auth.permission", "pk": 11}, {"fields": {"codename": "delete_group", "name": "Can delete group", "content_type": 3}, "model": "auth.permission", "pk": 12}, {"fields": {"codename": "add_user", "name": "Can add user", "content_type": 4}, "model": "auth.permission", "pk": 13}, {"fields": {"codename": "change_user", "name": "Can change user", "content_type": 4}, "model": "auth.permission", "pk": 14}, {"fields": {"codename": "delete_user", "name": "Can delete user", "content_type": 4}, "model": "auth.permission", "pk": 15}, {"fields": {"codename": "adminactions_export_permission", "name": "Can export permission (adminactions)", "content_type": 2}, "model": "auth.permission", "pk": 16}, {"fields": {"codename": "adminactions_massupdate_permission", "name": "Can massupdate permission (adminactions)", "content_type": 2}, "model": "auth.permission", "pk": 17}, {"fields": {"codename": "adminactions_merge_permission", "name": "Can merge permission (adminactions)", "content_type": 2}, "model": "auth.permission", "pk": 18}, {"fields": {"codename": "adminactions_export_group", "name": "Can export group (adminactions)", "content_type": 3}, "model": "auth.permission", "pk": 19}, {"fields": {"codename": "adminactions_massupdate_group", "name": "Can massupdate group (adminactions)", "content_type": 3}, "model": "auth.permission", "pk": 20}, {"fields": {"codename": "adminactions_merge_group", "name": "Can merge group (adminactions)", "content_type": 3}, "model": "auth.permission", "pk": 21}, {"fields": {"codename": "adminactions_export_user", "name": "Can export user (adminactions)", "content_type": 4}, "model": "auth.permission", "pk": 22}, {"fields": {"codename": "adminactions_massupdate_user", "name": "Can massupdate user (adminactions)", "content_type": 4}, "model": "auth.permission", "pk": 23}, {"fields": {"codename": "adminactions_merge_user", "name": "Can merge user (adminactions)", "content_type": 4}, "model": "auth.permission", "pk": 24}, {"fields": {"codename": "add_contenttype", "name": "Can add content type", "content_type": 5}, "model": "auth.permission", "pk": 25}, {"fields": {"codename": "change_contenttype", "name": "Can change content type", "content_type": 5}, "model": "auth.permission", "pk": 26}, {"fields": {"codename": "delete_contenttype", "name": "Can delete content type", "content_type": 5}, "model": "auth.permission", "pk": 27}, {"fields": {"codename": "adminactions_export_contenttype", "name": "Can export content type (adminactions)", "content_type": 5}, "model": "auth.permission", "pk": 28}, {"fields": {"codename": "adminactions_massupdate_contenttype", "name": "Can massupdate content type (adminactions)", "content_type": 5}, "model": "auth.permission", "pk": 29}, {"fields": {"codename": "adminactions_merge_contenttype", "name": "Can merge content type (adminactions)", "content_type": 5}, "model": "auth.permission", "pk": 30}, {"fields": {"codename": "add_session", "name": "Can add session", "content_type": 6}, "model": "auth.permission", "pk": 31}, {"fields": {"codename": "change_session", "name": "Can change session", "content_type": 6}, "model": "auth.permission", "pk": 32}, {"fields": {"codename": "delete_session", "name": "Can delete session", "content_type": 6}, "model": "auth.permission", "pk": 33}, {"fields": {"codename": "adminactions_export_session", "name": "Can export session (adminactions)", "content_type": 6}, "model": "auth.permission", "pk": 34}, {"fields": {"codename": "adminactions_massupdate_session", "name": "Can massupdate session (adminactions)", "content_type": 6}, "model": "auth.permission", "pk": 35}, {"fields": {"codename": "adminactions_merge_session", "name": "Can merge session (adminactions)", "content_type": 6}, "model": "auth.permission", "pk": 36}, {"fields": {"codename": "add_site", "name": "Can add site", "content_type": 7}, "model": "auth.permission", "pk": 37}, {"fields": {"codename": "change_site", "name": "Can change site", "content_type": 7}, "model": "auth.permission", "pk": 38}, {"fields": {"codename": "delete_site", "name": "Can delete site", "content_type": 7}, "model": "auth.permission", "pk": 39}, {"fields": {"codename": "adminactions_export_site", "name": "Can export site (adminactions)", "content_type": 7}, "model": "auth.permission", "pk": 40}, {"fields": {"codename": "adminactions_massupdate_site", "name": "Can massupdate site (adminactions)", "content_type": 7}, "model": "auth.permission", "pk": 41}, {"fields": {"codename": "adminactions_merge_site", "name": "Can merge site (adminactions)", "content_type": 7}, "model": "auth.permission", "pk": 42}, {"fields": {"codename": "add_adschedule", "name": "Can add ad schedule", "content_type": 8}, "model": "auth.permission", "pk": 43}, {"fields": {"codename": "change_adschedule", "name": "Can change ad schedule", "content_type": 8}, "model": "auth.permission", "pk": 44}, {"fields": {"codename": "delete_adschedule", "name": "Can delete ad schedule", "content_type": 8}, "model": "auth.permission", "pk": 45}, {"fields": {"codename": "add_adscheduleposition", "name": "Can add ad schedule position", "content_type": 9}, "model": "auth.permission", "pk": 46}, {"fields": {"codename": "change_adscheduleposition", "name": "Can change ad schedule position", "content_type": 9}, "model": "auth.permission", "pk": 47}, {"fields": {"codename": "delete_adscheduleposition", "name": "Can delete ad schedule position", "content_type": 9}, "model": "auth.permission", "pk": 48}, {"fields": {"codename": "adminactions_export_adschedule", "name": "Can export ad schedule (adminactions)", "content_type": 8}, "model": "auth.permission", "pk": 49}, {"fields": {"codename": "adminactions_massupdate_adschedule", "name": "Can massupdate ad schedule (adminactions)", "content_type": 8}, "model": "auth.permission", "pk": 50}, {"fields": {"codename": "adminactions_merge_adschedule", "name": "Can merge ad schedule (adminactions)", "content_type": 8}, "model": "auth.permission", "pk": 51}, {"fields": {"codename": "adminactions_export_adscheduleposition", "name": "Can export ad schedule position (adminactions)", "content_type": 9}, "model": "auth.permission", "pk": 52}, {"fields": {"codename": "adminactions_massupdate_adscheduleposition", "name": "Can massupdate ad schedule position (adminactions)", "content_type": 9}, "model": "auth.permission", "pk": 53}, {"fields": {"codename": "adminactions_merge_adscheduleposition", "name": "Can merge ad schedule position (adminactions)", "content_type": 9}, "model": "auth.permission", "pk": 54}, {"fields": {"codename": "add_award", "name": "Can add award", "content_type": 10}, "model": "auth.permission", "pk": 55}, {"fields": {"codename": "change_award", "name": "Can change award", "content_type": 10}, "model": "auth.permission", "pk": 56}, {"fields": {"codename": "delete_award", "name": "Can delete award", "content_type": 10}, "model": "auth.permission", "pk": 57}, {"fields": {"codename": "add_category", "name": "Can add category", "content_type": 11}, "model": "auth.permission", "pk": 58}, {"fields": {"codename": "change_category", "name": "Can change category", "content_type": 11}, "model": "auth.permission", "pk": 59}, {"fields": {"codename": "delete_category", "name": "Can delete category", "content_type": 11}, "model": "auth.permission", "pk": 60}, {"fields": {"codename": "add_contributor", "name": "Can add contributor", "content_type": 12}, "model": "auth.permission", "pk": 61}, {"fields": {"codename": "change_contributor", "name": "Can change contributor", "content_type": 12}, "model": "auth.permission", "pk": 62}, {"fields": {"codename": "delete_contributor", "name": "Can delete contributor", "content_type": 12}, "model": "auth.permission", "pk": 63}, {"fields": {"codename": "add_contributortype", "name": "Can add contributor type", "content_type": 13}, "model": "auth.permission", "pk": 64}, {"fields": {"codename": "change_contributortype", "name": "Can change contributor type", "content_type": 13}, "model": "auth.permission", "pk": 65}, {"fields": {"codename": "delete_contributortype", "name": "Can delete contributor type", "content_type": 13}, "model": "auth.permission", "pk": 66}, {"fields": {"codename": "add_episode", "name": "Can add episode", "content_type": 14}, "model": "auth.permission", "pk": 67}, {"fields": {"codename": "change_episode", "name": "Can change episode", "content_type": 14}, "model": "auth.permission", "pk": 68}, {"fields": {"codename": "delete_episode", "name": "Can delete episode", "content_type": 14}, "model": "auth.permission", "pk": 69}, {"fields": {"codename": "add_episodecontributor", "name": "Can add episode contributor", "content_type": 15}, "model": "auth.permission", "pk": 70}, {"fields": {"codename": "change_episodecontributor", "name": "Can change episode contributor", "content_type": 15}, "model": "auth.permission", "pk": 71}, {"fields": {"codename": "delete_episodecontributor", "name": "Can delete episode contributor", "content_type": 15}, "model": "auth.permission", "pk": 72}, {"fields": {"codename": "add_license", "name": "Can add license", "content_type": 16}, "model": "auth.permission", "pk": 73}, {"fields": {"codename": "change_license", "name": "Can change license", "content_type": 16}, "model": "auth.permission", "pk": 74}, {"fields": {"codename": "delete_license", "name": "Can delete license", "content_type": 16}, "model": "auth.permission", "pk": 75}, {"fields": {"codename": "add_media", "name": "Can add media", "content_type": 17}, "model": "auth.permission", "pk": 76}, {"fields": {"codename": "change_media", "name": "Can change media", "content_type": 17}, "model": "auth.permission", "pk": 77}, {"fields": {"codename": "delete_media", "name": "Can delete media", "content_type": 17}, "model": "auth.permission", "pk": 78}, {"fields": {"codename": "add_rating", "name": "Can add rating", "content_type": 18}, "model": "auth.permission", "pk": 79}, {"fields": {"codename": "change_rating", "name": "Can change rating", "content_type": 18}, "model": "auth.permission", "pk": 80}, {"fields": {"codename": "delete_rating", "name": "Can delete rating", "content_type": 18}, "model": "auth.permission", "pk": 81}, {"fields": {"codename": "add_series", "name": "Can add series", "content_type": 19}, "model": "auth.permission", "pk": 82}, {"fields": {"codename": "change_series", "name": "Can change series", "content_type": 19}, "model": "auth.permission", "pk": 83}, {"fields": {"codename": "delete_series", "name": "Can delete series", "content_type": 19}, "model": "auth.permission", "pk": 84}, {"fields": {"codename": "add_title", "name": "Can add title", "content_type": 20}, "model": "auth.permission", "pk": 85}, {"fields": {"codename": "change_title", "name": "Can change title", "content_type": 20}, "model": "auth.permission", "pk": 86}, {"fields": {"codename": "delete_title", "name": "Can delete title", "content_type": 20}, "model": "auth.permission", "pk": 87}, {"fields": {"codename": "add_titlecategory", "name": "Can add title category", "content_type": 21}, "model": "auth.permission", "pk": 88}, {"fields": {"codename": "change_titlecategory", "name": "Can change title category", "content_type": 21}, "model": "auth.permission", "pk": 89}, {"fields": {"codename": "delete_titlecategory", "name": "Can delete title category", "content_type": 21}, "model": "auth.permission", "pk": 90}, {"fields": {"codename": "add_titlecontributor", "name": "Can add title contributor", "content_type": 22}, "model": "auth.permission", "pk": 91}, {"fields": {"codename": "change_titlecontributor", "name": "Can change title contributor", "content_type": 22}, "model": "auth.permission", "pk": 92}, {"fields": {"codename": "delete_titlecontributor", "name": "Can delete title contributor", "content_type": 22}, "model": "auth.permission", "pk": 93}, {"fields": {"codename": "add_titleurl", "name": "Can add title url", "content_type": 23}, "model": "auth.permission", "pk": 94}, {"fields": {"codename": "change_titleurl", "name": "Can change title url", "content_type": 23}, "model": "auth.permission", "pk": 95}, {"fields": {"codename": "delete_titleurl", "name": "Can delete title url", "content_type": 23}, "model": "auth.permission", "pk": 96}, {"fields": {"codename": "adminactions_export_award", "name": "Can export award (adminactions)", "content_type": 10}, "model": "auth.permission", "pk": 97}, {"fields": {"codename": "adminactions_massupdate_award", "name": "Can massupdate award (adminactions)", "content_type": 10}, "model": "auth.permission", "pk": 98}, {"fields": {"codename": "adminactions_merge_award", "name": "Can merge award (adminactions)", "content_type": 10}, "model": "auth.permission", "pk": 99}, {"fields": {"codename": "adminactions_export_category", "name": "Can export category (adminactions)", "content_type": 11}, "model": "auth.permission", "pk": 100}, {"fields": {"codename": "adminactions_massupdate_category", "name": "Can massupdate category (adminactions)", "content_type": 11}, "model": "auth.permission", "pk": 101}, {"fields": {"codename": "adminactions_merge_category", "name": "Can merge category (adminactions)", "content_type": 11}, "model": "auth.permission", "pk": 102}, {"fields": {"codename": "adminactions_export_contributor", "name": "Can export contributor (adminactions)", "content_type": 12}, "model": "auth.permission", "pk": 103}, {"fields": {"codename": "adminactions_massupdate_contributor", "name": "Can massupdate contributor (adminactions)", "content_type": 12}, "model": "auth.permission", "pk": 104}, {"fields": {"codename": "adminactions_merge_contributor", "name": "Can merge contributor (adminactions)", "content_type": 12}, "model": "auth.permission", "pk": 105}, {"fields": {"codename": "adminactions_export_contributortype", "name": "Can export contributor type (adminactions)", "content_type": 13}, "model": "auth.permission", "pk": 106}, {"fields": {"codename": "adminactions_massupdate_contributortype", "name": "Can massupdate contributor type (adminactions)", "content_type": 13}, "model": "auth.permission", "pk": 107}, {"fields": {"codename": "adminactions_merge_contributortype", "name": "Can merge contributor type (adminactions)", "content_type": 13}, "model": "auth.permission", "pk": 108}, {"fields": {"codename": "adminactions_export_episode", "name": "Can export episode (adminactions)", "content_type": 14}, "model": "auth.permission", "pk": 109}, {"fields": {"codename": "adminactions_massupdate_episode", "name": "Can massupdate episode (adminactions)", "content_type": 14}, "model": "auth.permission", "pk": 110}, {"fields": {"codename": "adminactions_merge_episode", "name": "Can merge episode (adminactions)", "content_type": 14}, "model": "auth.permission", "pk": 111}, {"fields": {"codename": "adminactions_export_episodecontributor", "name": "Can export episode contributor (adminactions)", "content_type": 15}, "model": "auth.permission", "pk": 112}, {"fields": {"codename": "adminactions_massupdate_episodecontributor", "name": "Can massupdate episode contributor (adminactions)", "content_type": 15}, "model": "auth.permission", "pk": 113}, {"fields": {"codename": "adminactions_merge_episodecontributor", "name": "Can merge episode contributor (adminactions)", "content_type": 15}, "model": "auth.permission", "pk": 114}, {"fields": {"codename": "adminactions_export_license", "name": "Can export license (adminactions)", "content_type": 16}, "model": "auth.permission", "pk": 115}, {"fields": {"codename": "adminactions_massupdate_license", "name": "Can massupdate license (adminactions)", "content_type": 16}, "model": "auth.permission", "pk": 116}, {"fields": {"codename": "adminactions_merge_license", "name": "Can merge license (adminactions)", "content_type": 16}, "model": "auth.permission", "pk": 117}, {"fields": {"codename": "adminactions_export_media", "name": "Can export media (adminactions)", "content_type": 17}, "model": "auth.permission", "pk": 118}, {"fields": {"codename": "adminactions_massupdate_media", "name": "Can massupdate media (adminactions)", "content_type": 17}, "model": "auth.permission", "pk": 119}, {"fields": {"codename": "adminactions_merge_media", "name": "Can merge media (adminactions)", "content_type": 17}, "model": "auth.permission", "pk": 120}, {"fields": {"codename": "adminactions_export_rating", "name": "Can export rating (adminactions)", "content_type": 18}, "model": "auth.permission", "pk": 121}, {"fields": {"codename": "adminactions_massupdate_rating", "name": "Can massupdate rating (adminactions)", "content_type": 18}, "model": "auth.permission", "pk": 122}, {"fields": {"codename": "adminactions_merge_rating", "name": "Can merge rating (adminactions)", "content_type": 18}, "model": "auth.permission", "pk": 123}, {"fields": {"codename": "adminactions_export_series", "name": "Can export series (adminactions)", "content_type": 19}, "model": "auth.permission", "pk": 124}, {"fields": {"codename": "adminactions_massupdate_series", "name": "Can massupdate series (adminactions)", "content_type": 19}, "model": "auth.permission", "pk": 125}, {"fields": {"codename": "adminactions_merge_series", "name": "Can merge series (adminactions)", "content_type": 19}, "model": "auth.permission", "pk": 126}, {"fields": {"codename": "adminactions_export_title", "name": "Can export title (adminactions)", "content_type": 20}, "model": "auth.permission", "pk": 127}, {"fields": {"codename": "adminactions_massupdate_title", "name": "Can massupdate title (adminactions)", "content_type": 20}, "model": "auth.permission", "pk": 128}, {"fields": {"codename": "adminactions_merge_title", "name": "Can merge title (adminactions)", "content_type": 20}, "model": "auth.permission", "pk": 129}, {"fields": {"codename": "adminactions_export_titlecategory", "name": "Can export title category (adminactions)", "content_type": 21}, "model": "auth.permission", "pk": 130}, {"fields": {"codename": "adminactions_massupdate_titlecategory", "name": "Can massupdate title category (adminactions)", "content_type": 21}, "model": "auth.permission", "pk": 131}, {"fields": {"codename": "adminactions_merge_titlecategory", "name": "Can merge title category (adminactions)", "content_type": 21}, "model": "auth.permission", "pk": 132}, {"fields": {"codename": "adminactions_export_titlecontributor", "name": "Can export title contributor (adminactions)", "content_type": 22}, "model": "auth.permission", "pk": 133}, {"fields": {"codename": "adminactions_massupdate_titlecontributor", "name": "Can massupdate title contributor (adminactions)", "content_type": 22}, "model": "auth.permission", "pk": 134}, {"fields": {"codename": "adminactions_merge_titlecontributor", "name": "Can merge title contributor (adminactions)", "content_type": 22}, "model": "auth.permission", "pk": 135}, {"fields": {"codename": "adminactions_export_titleurl", "name": "Can export title url (adminactions)", "content_type": 23}, "model": "auth.permission", "pk": 136}, {"fields": {"codename": "adminactions_massupdate_titleurl", "name": "Can massupdate title url (adminactions)", "content_type": 23}, "model": "auth.permission", "pk": 137}, {"fields": {"codename": "adminactions_merge_titleurl", "name": "Can merge title url (adminactions)", "content_type": 23}, "model": "auth.permission", "pk": 138}, {"fields": {"username": "admin", "first_name": "", "last_name": "", "is_active": true, "is_superuser": true, "is_staff": true, "last_login": "2014-11-01T16:41:04.499Z", "groups": [], "user_permissions": [], "password": "pbkdf2_sha256$12000$8isFh5bCaKMv$/Nv8rcP8SG0Touhn+pJULAAeVz+fTisI3XXmZPXbNTQ=", "email": "admin@admin.com", "date_joined": "2014-11-01T16:11:34.170Z"}, "model": "auth.user", "pk": 1}, {"fields": {"first_name": "Scott", "last_name": "Sigler", "display_name": "Scott Sigler", "community_handle": "", "scribl_username": "", "deleted": false, "user": null, "date_updated": "2011-02-11T20:32:32Z", "date_created": "2011-02-11T20:32:32Z", "middle_name": "", "email_address": "", "slug": "scott-sigler"}, "model": "core.contributor", "pk": 4247}, {"fields": {"first_name": "John", "last_name": "Lenahan", "display_name": "John Lenahan", "community_handle": "", "scribl_username": "", "deleted": false, "user": null, "date_updated": "2011-02-11T20:32:32Z", "date_created": "2011-02-11T20:32:32Z", "middle_name": "", "email_address": "", "slug": "john-lenahan"}, "model": "core.contributor", "pk": 4291}, {"fields": {"first_name": "Nathan", "last_name": "Lowell", "display_name": "Nathan Lowell", "community_handle": "", "scribl_username": "", "deleted": false, "user": null, "date_updated": "2011-02-11T20:32:32Z", "date_created": "2011-02-11T20:32:32Z", "middle_name": "", "email_address": "", "slug": "nathan-lowell"}, "model": "core.contributor", "pk": 4320}, {"fields": {"first_name": "Dollie", "last_name": "Llama", "display_name": "Dollie Llama", "community_handle": "", "scribl_username": "", "deleted": false, "user": null, "date_updated": "2011-02-11T20:32:32Z", "date_created": "2011-02-11T20:32:32Z", "middle_name": "", "email_address": "", "slug": "dollie-llama"}, "model": "core.contributor", "pk": 4357}, {"fields": {"first_name": "", "last_name": "ThornDaddy", "display_name": "ThornDaddy", "community_handle": "", "scribl_username": "", "deleted": false, "user": null, "date_updated": "2011-02-11T20:32:32Z", "date_created": "2011-02-11T20:32:32Z", "middle_name": "", "email_address": "", "slug": "thorndaddy"}, "model": "core.contributor", "pk": 4358}, {"fields": {"action_flag": 2, "action_time": "2014-11-01T16:42:18.779Z", "object_repr": "earthcore", "object_id": "24", "change_message": "Changed libsyn_slug and date_accepted.", "user": 1, "content_type": 20}, "model": "admin.logentry", "pk": 3}, {"fields": {"action_flag": 2, "action_time": "2014-11-01T16:46:43.666Z", "object_repr": "earthcore", "object_id": "24", "change_message": "Changed cover.", "user": 1, "content_type": 20}, "model": "admin.logentry", "pk": 4}]